# ************************************************************
# Sequel Pro SQL dump
# バージョン 4541
#
# http://www.sequelpro.com/
# https://github.com/sequelpro/sequelpro
#
# ホスト: 127.0.0.1 (MySQL 5.7.37-google-log)
# データベース: special_select
# 作成時刻: 2022-06-27 03:42:07 +0000
# ************************************************************


/*!40101 SET @OLD_CHARACTER_SET_CLIENT=@@CHARACTER_SET_CLIENT */;
/*!40101 SET @OLD_CHARACTER_SET_RESULTS=@@CHARACTER_SET_RESULTS */;
/*!40101 SET @OLD_COLLATION_CONNECTION=@@COLLATION_CONNECTION */;
/*!40101 SET NAMES utf8 */;
/*!40014 SET @OLD_FOREIGN_KEY_CHECKS=@@FOREIGN_KEY_CHECKS, FOREIGN_KEY_CHECKS=0 */;
/*!40101 SET @OLD_SQL_MODE=@@SQL_MODE, SQL_MODE='NO_AUTO_VALUE_ON_ZERO' */;
/*!40111 SET @OLD_SQL_NOTES=@@SQL_NOTES, SQL_NOTES=0 */;


# テーブルのダンプ item
# ------------------------------------------------------------

LOCK TABLES `item` WRITE;
/*!40000 ALTER TABLE `item` DISABLE KEYS */;

INSERT INTO `item` (`id`, `item_id`, `df_item_id`, `banner_id`, `publish_flag`, `request_limit`, `request_count`, `start_at`, `end_at`, `original_sale_price_label`, `original_commission_rate`, `original_commission_amount`, `fixed_payment_label`, `special_commission_rate`, `special_commission_amount`, `special_commission_start_at`, `special_commission_end_at`, `has_coupon`, `coupon_description`, `publish_needed`, `description`, `next_flow`, `next_flow_type`, `request_question`, `pharmaceutical_affairs_notes`, `notes`, `lead`, `is_all_target`, `item_name_label`, `created_at`, `created_by`, `updated_at`, `updated_by`)
VALUES
	('0zMl1VZVvhN5zfhyO6PGI2','44515','','',1,NULL,0,'2022-06-24 12:00:00','2022-12-31 23:59:59','4,720円（税込）※定期コース限定価格',20.86,NULL,NULL,NULL,NULL,NULL,NULL,0,NULL,0,'話題のまつ毛美容液「リバイブラッシュ」がリニューアルして登場！\n多くの雑誌にも取り上げられて\n今、20～40代の大人女性に売れています！！\n品質にこだわっているからこそ60日間でご満足できなければ、【全額返金保証】いたします。\n    ※初回のお申込みに限ります。商品到着後60日以内にご連絡ください。\n    ※返品の際の送料はご負担ください。商品の容器が揃わない場合は返金できません。\n    ※複数購入の場合は、60日以内であっても2本目を開封した時点で返金対象外となります。\n１本購入のための定期コースもあります（https://www.revivelash.com/revivelash-teiki.html）','https://stat.amebaad.jp/ad/specialselect/amebapick/todo.png',2,'過去このサービス（商品）を利用したことがありますか？\nはい/いいえで教えてください。（※過去に利用したことがある場合でも、申込みが可能です。）','生える・まつ育・育毛　等のワードはNG。','・ご自身で撮影した写真を、1枚以上ブログに掲載してください。\n・商品やサービスについての感想や紹介を、最低3文以上を目安に掲載してください。\n・ハッシュタグに、必ず「#PR」をつけて投稿してください。\n・Ameba Pickのお知らせに発送通知が届いてから3週間以内に投稿を行ってください。\n・投稿した記事は、最低1年以上公開し、記事の削除はお控えください。\n\n※上記が守られない場合、報酬が反映されない、今後のスペシャルセレクト利用をお断りさせていただく場合がございます。','まつ毛のキレイを育てる、新発想まつ毛美容液',1,'【オープン】まつ毛美容液「リバイブラッシュ」_202206','2022-06-23 18:24:10','oidc|Perman|S13797','2022-06-24 17:48:02','oidc|Perman|S13797'),
	('1pvwsLfDxcqc7eyAUEdtn5','45401','','',1,NULL,0,'2022-06-24 12:00:00','2022-12-31 23:59:59','1,800円（税込）※初回限定',NULL,2125,NULL,NULL,4900,'2022-12-31 23:59:59','2022-12-31 23:59:59',0,NULL,0,'＜製品特徴＞ \nシミ・くすみ※1、つくらせない！うるつや透明美白へ※2\n美白ニーズが高まる4月～9月はもちろん、乾燥が気になる秋から冬も美白と一緒に保湿もできると好評の商品です。\n\n◆敏感肌で、美白ケアをあきらめていた方にもおすすめ\n敏感肌の人こそシミができやすい、という事実に着目して作られたホワイトニングライン。\n肌に優しい使い心地で、「ゆらぎ肌を整える×根本美白」が叶います。\n\n◆美容保湿成分で肌をうるおいで満たし、透明美肌へ\n肌の土台にたっぷりうるおいを与えることで、美容サポート成分の届きやすい肌へ。\n◆ビタミンCでアプローチ、美白※2予防をサポートする\n美白※2効果が高いものの、一般的に酸化しやすい成分「ビタミンC」の働きを最大限に引き出し、居座りジミを徹底予防。\n\n※1　乾燥によるくすみ\n※2　美白（ホワイトニング）とはメラニンの生成を抑え、シミ・ソバカスを防ぐ効果のことをいいます。\n\n▼サイトを詳しく見る \nhttps://www.fancl.co.jp/pub/whg/index_am_sp.html','https://stat.amebaad.jp/ad/specialselect/amebapick/todo.png',2,'過去このサービス（商品）を利用したことがありますか？\nはい/いいえで教えてください。（※過去に利用したことがある場合でも、申込みが可能です。）','不正、及び禁止事項を行った媒体\n薬機法に抵触する可能性がある媒体\nその他、公序良俗に反する媒体\n上記媒体は提携解除とします\n\n■広告掲載における注意事項\n広告掲載の際は下記URLを必ず、ご確認頂き、\nガイドラインに沿った掲載をお願い致します。\n▼URL\n・ファンケル広告のガイドライン\nhttps://stat.amebaad.jp/ad/amebapick/fancl/cosme_202005.pdf\n\n※ガイドラインに則してないと判断した場合は、修正及び提携解除の対象となりますのでご注意下さいませ。\n健全な広告運用へのご協力をお願い申し上げます。','・ご自身で撮影した写真を、1枚以上ブログに掲載してください。\n・商品やサービスについての感想や紹介を、最低3文以上を目安に掲載してください。\n・ハッシュタグに、必ず「#PR」をつけて投稿してください。\n・Ameba Pickのお知らせに発送通知が届いてから3週間以内に投稿を行ってください。\n・投稿した記事は、最低1年以上公開し、記事の削除はお控えください。\n\n※上記が守られない場合、報酬が反映されない、今後のスペシャルセレクト利用をお断りさせていただく場合がございます。','新発想の美白※スキンケア　※美白とはメラニンの生成を抑え、シミ・ソバカスを防ぐ効果のこと',1,'ホワイトニング 透明美白1ヵ月集中キット_202206','2022-06-24 11:47:37','oidc|Perman|S17673','2022-06-24 19:13:34','oidc|Perman|S16440'),
	('2NpDmsCTvw8IhD9UTTjazG','47286','','',2,NULL,0,'2022-06-24 12:00:00','2022-12-31 23:59:59','①11,000円（税込）、②17,050円（税込）、③11,000円（税込）',15,NULL,NULL,NULL,NULL,NULL,NULL,1,'10％オフクーポン',1,'①EVER BRILLIANCE / 0.3カラット 6爪ソリティアリング【tf6839r】      \nシンプルで品のある作りが好評の0.3カラット一粒リング。長く愛される6本爪で普段使いしやすい高さを抑えたデザインです。\n【商品URL】https://www.jewelrycastle.jp/view/item/000000000376  \n【販売価格】11,000円（税込）\n【商品詳細】\n・ストーン：EVER BRILLIANCEカットジルコニア 0.3カラット（4.5mm・ラウンドブリリアントカット）\nEVER BRILLIANCEカットにつきましてはこちらでご確認いただけます。\nhttps://www.jewelrycastle.jp/view/page/everbrilliancecut\n・素材：シルバー925にプラチナ又は18金仕上※2カラー\n　　　　リングサイズ：6号~15号（1号刻み）\n\n程よいサイズ感で、デイリーから手先に美しい輝きの色どりを添える飽きのこないシンプルな一粒リング♪\n流行り廃りのない６本爪のデザインを高さを抑えた普段使いにもとっても使いやすいデザインにてお作りいたしました。\nストーンには、4.5mm（0.3カラット相当）のEVER BRILLIANCEカットジルコニアを使用しておりますので、上質なダイヤモンドに近い輝きをいつでもお楽しみいただけます。\n\n②EVER BRILLIANCE / クロスラインハーフエタニティーリング【tf633r】\nクロスしたデザインが指を細く・長く見せる嬉しい効果があり、ハーフエタニティーのシンプルエレガントな雰囲気も醸し出すリングです。\n【商品URL】https://www.jewelrycastle.jp/view/item/000000000031\n【販売価格】17,050円（税込）\n【商品詳細】\nストーン：EVER BRILLIANCEカットジルコニア トータルカラット：0.21カラット\n素材：シルバー925にプラチナ又は18金仕上※2カラー\nリングサイズ：6号~18号（1号刻み）\n\n緩やかにカーブを描いた２本のラインがクロスする高いデザイン性と、程よいボリューム感が人気の、デザイナーズリング。１４石の光り輝くEVER BRILLIANCEカットジルコニアがさり気ないゴージャス感もアピールいたします。\n\n③EVER BRILLIANCE / 流線型が美しい 0.3カラットデザイナーズリング【tf6890r】\n爪を使わない石留めが日常使いで引っ掛かりなどがなく使いやすい一粒のシンプルなリングです。       \n【商品URL】https://www.jewelrycastle.jp/view/item/000000000023  \n【販売価格】11,000円（税込）\n【商品詳細】\nストーン：EVER BRILLIANCEカットジルコニア 0.3カラット（4.5mm・ラウンドブリリアントカット）\n素材：シルバー925にプラチナ又は18金仕上※2カラー\nリングサイズ：6号~15号（1号刻み）\n\n日常のあらゆる装いにも特別な装いにもすっと馴染む緩やかな美しい流れの中に上質な輝き♪\n0.3ct(4.5mm)のEVER BRILLIANCEカットジルコニアが手元に彩りを添えるシンプルなデザイナーズリング。','1.申込後、Ameba Pickお知らせでご連絡させていただく専用クーポンコードを使い、ご自身で対象アイテムをご購入\n2.アイテムを実際に体験いただき、Ameba Pickの機能を使って対象アイテムの紹介記事を執筆・ご投稿\n\n※クーポンコードの金額を超えるご注文はご自身でご負担いただきます。\n※Ameba Pickについてはこちら(https://content.ameba.jp/ameba_pick/start/ )をご確認ください。\n※商品に関するwebページへの転載・広告バナーでの2次利用に対するご同意をお願いいたします。なお、2次利用が発生する場合は、事前に確認のご連絡をさせていただきます。\n※過去に本アイテムをお取り寄せいただいたことがある場合、前回の記事と同じものを使いまわすのはお控えください。\n発覚した際は報酬をお支払いできない場合がございます。',1,'サンプリング希望のアイテム、カラー、サイズをお選びいただき、下記フォームよりご回答ください。\n※サイズは1号刻み\n①0.3カラット6爪ソリティアリング      \nカラー：プラチナ/ゴールド\nサイズ：6~15号\n② クロスラインハーフエタニティーリング\nカラー：プラチナ/ゴールド\nサイズ：6~18号\n③流線型が美しい0.3カラットデザイナーズリング\nカラー：プラチナ/ゴールド\nサイズ：6~15号',NULL,'・ご自身で撮影した写真を、1枚以上ブログに掲載してください。\n・商品やサービスについての感想や紹介を、最低3文以上を目安に掲載してください。\n・ハッシュタグに、必ず「#PR」をつけて投稿してください。\n・Ameba Pickのお知らせに発送通知が届いてから3週間以内に投稿を行ってください。\n・投稿した記事は、最低1年以上公開し、記事の削除はお控えください。\n\n※上記が守られない場合、報酬が反映されない、今後のスペシャルセレクト利用をお断りさせていただく場合がございます。','理想的に輝くダイヤモンドと同様の精密なカットが施されたジュエリーキャッスルオリジナルのリングです。',1,'※削除※【オープン】ジュエリーキャッスル　リング_202206','2022-06-24 17:47:51','oidc|Perman|S17673','2022-06-24 20:56:21','oidc|Perman|S09477'),
	('3zqwHvwGJvv9T1ul9vOSO5','44988','N1-0073','',1,NULL,0,'2022-06-24 12:00:00','2022-12-31 23:59:59','11,000円（税込）',22,NULL,NULL,NULL,NULL,NULL,NULL,0,NULL,1,'人気ナンバーワンのネックレス「Glace」。その人気の秘密は「華奢さと丈夫さを兼ね備えた究極のストレスフリー」なネックレスであること。育児しながら着けられる史上最強のネックレスです。どんなカジュアルだって、たまのおでかけにだって合わせられます。一粒ダイヤモンドネックレスを身に着けたいけれど子育て中だから躊躇しちゃう・・・そんな方にもぜひ着けて欲しいです。チャームが小さいのでアクセサリーを普段着けていない方にも違和感なく着けて頂けます。','1.申込後、Ameba Pickお知らせでご連絡させていただく専用クーポンコードを使い、ご自身で対象アイテムをご購入\n2.アイテムを実際に体験いただき、Ameba Pickの機能を使って対象アイテムの紹介記事を執筆・ご投稿\n\n※クーポンコードの金額を超えるご注文はご自身でご負担いただきます。\n※Ameba Pickについてはこちら(https://content.ameba.jp/ameba_pick/start/ )をご確認ください。\n※商品に関するwebページへの転載・広告バナーでの2次利用に対するご同意をお願いいたします。なお、2次利用が発生する場合は、事前に確認のご連絡をさせていただきます。\n※過去に本アイテムをお取り寄せいただいたことがある場合、前回の記事と同じものを使いまわすのはお控えください。\n発覚した際は報酬をお支払いできない場合がございます。',1,'過去このサービス（商品）を利用したことがありますか？\nはい/いいえで教えてください。（※過去に利用したことがある場合でも、申込みが可能です。）',NULL,'・ご自身で撮影した写真を、1枚以上ブログに掲載してください。\n・商品やサービスについての感想や紹介を、最低3文以上を目安に掲載してください。\n・ハッシュタグに、必ず「#PR」をつけて投稿してください。\n・Ameba Pickのお知らせに発送通知が届いてから3週間以内に投稿を行ってください。\n・投稿した記事は、最低1年以上公開し、記事の削除はお控えください。\n\n※上記が守られない場合、報酬が反映されない、今後のスペシャルセレクト利用をお断りさせていただく場合がございます。','ベーシックなだけでない、ひとくせチェーンのブレスレット。デイリーに身につけられるスキンジュエリー。',1,'【オープン】Glace（ゴールド/14金GF）','2022-06-24 16:47:02','oidc|Perman|S10093','2022-06-27 07:33:18','oidc|Perman|S16440'),
	('5i33RQH0SaDVE8IMxyQTn7','44988','B1-0001','',1,NULL,0,'2022-06-24 12:00:00','2022-12-31 23:59:59','4,950円（税込）',22,NULL,NULL,NULL,NULL,NULL,NULL,0,NULL,1,'ベーシックなだけでない、ひとくせチェーンのブレスレット。デイリーに身につけられるスキンジュエリー。留め具部分にさりげなく、ちいさなパールをオン。\n長さ調節もできるセミオーダーのブレスレット。\n\nサイズ        チェーンの太さ約2mm\n素材        金具類全て14金ゴールドフィルド／淡水パール(淡水パールは天然の物を使用しているため個体差があります)','1.申込後、Ameba Pickお知らせでご連絡させていただく専用クーポンコードを使い、ご自身で対象アイテムをご購入\n2.アイテムを実際に体験いただき、Ameba Pickの機能を使って対象アイテムの紹介記事を執筆・ご投稿\n\n※クーポンコードの金額を超えるご注文はご自身でご負担いただきます。\n※Ameba Pickについてはこちら(https://content.ameba.jp/ameba_pick/start/ )をご確認ください。\n※商品に関するwebページへの転載・広告バナーでの2次利用に対するご同意をお願いいたします。なお、2次利用が発生する場合は、事前に確認のご連絡をさせていただきます。\n※過去に本アイテムをお取り寄せいただいたことがある場合、前回の記事と同じものを使いまわすのはお控えください。\n発覚した際は報酬をお支払いできない場合がございます。',1,'過去このサービス（商品）を利用したことがありますか？\nはい/いいえで教えてください。（※過去に利用したことがある場合でも、申込みが可能です。）',NULL,'・ご自身で撮影した写真を、1枚以上ブログに掲載してください。\n・商品やサービスについての感想や紹介を、最低3文以上を目安に掲載してください。\n・ハッシュタグに、必ず「#PR」をつけて投稿してください。\n・Ameba Pickのお知らせに発送通知が届いてから3週間以内に投稿を行ってください。\n・投稿した記事は、最低1年以上公開し、記事の削除はお控えください。\n\n※上記が守られない場合、報酬が反映されない、今後のスペシャルセレクト利用をお断りさせていただく場合がございます。','ベーシックなだけでない、ひとくせチェーンのブレスレット。デイリーに身につけられるスキンジュエリー。',1,'【オープン】Goldline（ゴールド/14金GF）_202206','2022-06-24 11:03:19','oidc|Perman|S13797','2022-06-27 07:31:03','oidc|Perman|S16440'),
	('6LcMRX95YtohLdF89mOyR1','46605','','',1,NULL,0,'2022-06-24 12:00:00','2022-12-31 23:59:59','1,000円（税込）',NULL,5000,NULL,NULL,NULL,NULL,NULL,0,NULL,0,'【商品スペック】\n名称：つるつるマットベース\n通常価格：1,650円（税込）⇒特別価格：1,000円（税込）\n\n【キャンペーン内容】\n・ハーバー初めての方限定でつるつるマットベース（部分用化粧下地）13gを\n　通常価格1,650円のところを特別価格1,000円にてご提供。※おひとり様1本1回限り\n\n【つるつるマットベース概要】\n・一瞬で毛穴レス！ ※1\n・お肌をキュッと引き締め、化粧もちがアップ\n・毛穴をぼかして密着カバー\n・皮脂を吸着してサラッと肌が続く\n・ハーバー初めての方限定 送料無料 特別価格1,000円\n・使用感の満足度 90.9％ ※2\n\n【特徴説明】\n一瞬で毛穴レス！※1ひと塗りでつるんとカバーします。\n気になるマスクの化粧崩れにもおすすめ。使用感の満足度は90.9％です。※2\n\nたったひと塗りで小鼻や頬の気になる毛穴をひと塗りで隠してなめらかにしながらテカリを抑え、透明感あるつるつるマット肌に仕上げます。\n肌のひきしめ×皮脂の吸着で、マスクでも崩れず、テカリにくいサラサラ肌へ。\n\n＜毛穴の悩みに！ひと塗りでつるんとカバーする３つのポイント＞\n○お肌をキュッと引き締め、化粧もちアップ！\n○毛穴をぼかして密着カバー！\n○皮脂を吸着してサラッと肌がつづく！\n\n無添加主義※3のHABAだから、メイクもやさしさにこだわってミネラルカラーでつくられています。\nミネラルカラーの特徴\n・ナチュラルな仕上がり\n・素肌のままのような軽いつけ心地\n\nミネラルカラー参考URL\nhttps://www.haba.co.jp/f/h-005001008\n\n適量を手の甲に取り、毛穴の凸凹が気になる部分に少量ずつなじまてせてください。\n日やけ止めと全顔用化粧下地を併用する場合は、日やけ止め→つるつるマットベース→全顔用化粧下地の順にお使いください。\n使用後はクレンジングで落としてください。\n\n今ならハーバー初めての方限定で、送料無料 通常価格1,650円のところを特別価格1,000円にてご提供いたします。\n\n※1 メイクアップ効果による\n※2 2017年自社調べ(n=21)\n※3 防腐剤パラベン、石油系界面活性剤、合成香料、鉱物油、タール系色素は無添加','https://stat.amebaad.jp/ad/specialselect/amebapick/todo.png',2,'過去このサービス（商品）を利用したことがありますか？\nはい/いいえで教えてください。（※過去に利用したことがある場合でも、申込みが可能です。）','＜注釈が必要な表現＞\n一瞬で毛穴レス　→　※メイクアップ効果による\n一瞬でなめらかツルスベ肌　→　※メイクアップ効果による\n小鼻の毛穴悩みに　→　※メイクアップ効果による\n\n＜NG表現＞\n・✖続く、キープ：「毛穴レス続く」\n・✖マスクにつかずに　○マスクにつきにくい\n・毛穴を✖隠す、ぼかす　○カバー\n・密着カバーで化粧もち◎⇒部分下地ではないように捉えられる可能性があるためNG\n・✖「透明感」⇒部分用下地で色がつかないため、透明感を引き出す効果は薄いです。\n　　クリームに誤認される恐れも　化粧下地だとわかる表現にしていただきたいです。\n・✖化粧下地　〇部分用化粧下地\n・✖ツヤ　※つるつるマットベースの「マット」と「ツヤ」は逆となるため。\n・✖ツルすべ　〇つるすべ\n・✖毛穴ケア\n・✖無添加＝肌に負担がかからない　遠回しに他社誹謗ととらえてしまう可能性があるため。','・ご自身で撮影した写真を、1枚以上ブログに掲載してください。\n・商品やサービスについての感想や紹介を、最低3文以上を目安に掲載してください。\n・ハッシュタグに、必ず「#PR」をつけて投稿してください。\n・Ameba Pickのお知らせに発送通知が届いてから3週間以内に投稿を行ってください。\n・投稿した記事は、最低1年以上公開し、記事の削除はお控えください。\n\n※上記が守られない場合、報酬が反映されない、今後のスペシャルセレクト利用をお断りさせていただく場合がございます。','肌のひきしめ×皮脂の吸着でテカリのないサラサラ肌へ　HABAの部分用化粧下地',1,'【クローズド】つるつるマットベース_202206','2022-06-24 11:03:22','oidc|Perman|S17673','2022-06-24 18:59:14','oidc|Perman|S09477'),
	('86SXS5wwAvKrvqW2WVX4I4','44428','','',2,NULL,0,'2022-06-27 00:00:00','2022-12-31 23:59:59','1,430円（税込）',NULL,5000,NULL,NULL,NULL,NULL,NULL,0,NULL,0,'【商品スペック】\n名称：スクワラン美容おためしセット\n価格：1,430円（税込）\nセット内容：\n・高品位「スクワラン」(化粧オイル)　10mL ※おためしサイズ\n・薬用ホワイトレディ(薬用美白美容液※1)[医薬部外品]　8mL （使用量目安：薬用ホワイトレディ8mLは1回6プッシュ程度）\n・Gローション（化粧水）　30ｍL\n・スクワクレンジング（メイク落とし）　20mL\n※1 メラニンの生成を抑え、シミやソバカスを防ぐ\n\n【スクワラン商品概要】\nスクワラン100% 純度99.9%の美容オイル。\n（スクワラン：もともと皮脂に含まれていると言われているスクワレンを安定性が高く酸化されにくくしたもの。）\nこれ1本で乳液・クリームの変わりになる、肌を保護する美容オイル。\nたった一滴*1でOK。おためしサイズ1本で約2ヶ月分*2の容量。\n1983年の発売以来、38年のロングセラー商品。\n*1 使用量のこと\n*2 10mLサイズを朝晩1滴ずつ使用した場合\n\n【特徴】\n●しっとり・ぷるぷるの肌を保つ。\n●紫外線や空気の乾燥ダメージから肌を守る。\n●乾燥による小ジワを目立たなくする。効能評価試験済み*\n●オイルとは思えないサラサラ感（高純度ならでは）\n●酸化・変質しにくく、油やけもしにくい\n●全身に使用でき、ご家族でもご使用可。\n●防腐剤パラベン、石油系界面活性剤、合成香料、鉱物油、タール系色素は一切不使用。\n※効能評価試験済み、ノンコメドジェニックテスト済み(全ての方にコメド(ニキビのもと)が出来ないという事ではありません)アレルギーテスト済み（全ての方のアレルギーが起こらないという事ではありません）\n\n【実績】\n売上本数2,500万本突破※2004年3月～2020年8月までの出荷本数(15mLは1本・30mLは2本・60mLは4本・120mLは8本で換算した場合）\n「美的」読者が選ぶ2021年ベストコスメスキンケア部門オイル編第1位\n＠ｃｏｓｍｅベストコスメアワード2016 殿堂入り\n＠ｃｏｓｍｅベストコスメアワード2015 ベストオイル 第1位\n＠ｃｏｓｍｅベストコスメアワード2014 ベストオイル 第2位\nテキストで使用するのはNGです。\n美的であれば使用可。「美的」読者が選ぶベストコスメスキンケア部門2021年オイル編第1位　高品位「スクワラン」','https://stat.amebaad.jp/ad/specialselect/amebapick/todo.png',2,NULL,'【イラストブロガーの方限定】②③の訴求は、ぜひイラストと文言の両方でお伝え頂けますと幸いです。（写真も可能であればいれていただけますと幸いです。）        \n\n・本商品は「美容液」ではなく「美容オイル」になります。\n・「乾燥小じわ、乾燥、毛穴」という文言は使用可能ですが、「効果がある」「効く」といった表現はNGとなります。\n・「ほうれい線」はNGとなります、\n・商品名は【スクワラン】もしくは、【高品位「スクワラン」】で統一をお願いします。（高品位をつける場合は「」が必要になります。）              \n・競合社名・競合商品の記載はご遠慮下さい。\n・商材に対するネガティブな表現の記載はご遠慮下さい。\n・オイルは1回につき1滴の使用なので、必要以上にオイルを使用している描写はご遠慮下さい。','・ご自身で撮影した写真を、1枚以上ブログに掲載してください。\n・商品やサービスについての感想や紹介を、最低3文以上を目安に掲載してください。\n・ハッシュタグに、必ず「#PR」をつけて投稿してください。\n・Ameba Pickのお知らせに発送通知が届いてから3週間以内に投稿を行ってください。\n・投稿した記事は、最低1年以上公開し、記事の削除はお控えください。\n\n※上記が守られない場合、報酬が反映されない、今後のスペシャルセレクト利用をお断りさせていただく場合がございます。','1回1滴簡単ケア！HABAのスクワラン美容おためしセット',0,'【クローズド】スクワラン美容お試しセット_202206','2022-06-23 17:49:26','oidc|Perman|S09477','2022-06-23 17:49:26','oidc|Perman|S09477'),
	('8iJl61mqaDHU1C3bTVoXK7','44988','U1-1170-erin-01','',1,NULL,0,'2022-06-24 12:00:00','2022-12-31 23:59:59','4,800円（税込）',22,NULL,NULL,NULL,NULL,NULL,NULL,0,NULL,1,'「35歳からのプチプラを品良く着こなしたいファッションブログ」Ameba公式トップブロガーのえりんさんとの共同開発アイテムです。\n「シンプルでちょっと存在感のあるチョーカー」をテーマに、手持ちのネックレスと重ねづけしてちょいモードな雰囲気になる便利アイテムをつくりました。\nカジュアルに取り入れられるお手頃価格な「Un(アン)」シリーズ\n「Un(アン)」のアクセサリーは定番品と組み合わせたり、普段選ばないデザインにチャレンジしたり、そんな楽しみ方にピッタリ。プチプラだからって安っぽいものは絶対にイヤ！そんな方に自信を持ってオススメするシリーズです。\n\nサイズ        ・チョーカー：縦12mm／横11.5mm\n・線形：3mm\n素材        真鍮／ゴールドメッキ・シルバーカラーメッキ\n重さ        22〜30g','1.申込後、Ameba Pickお知らせでご連絡させていただく専用クーポンコードを使い、ご自身で対象アイテムをご購入\n2.アイテムを実際に体験いただき、Ameba Pickの機能を使って対象アイテムの紹介記事を執筆・ご投稿\n\n※クーポンコードの金額を超えるご注文はご自身でご負担いただきます。\n※Ameba Pickについてはこちら(https://content.ameba.jp/ameba_pick/start/ )をご確認ください。\n※商品に関するwebページへの転載・広告バナーでの2次利用に対するご同意をお願いいたします。なお、2次利用が発生する場合は、事前に確認のご連絡をさせていただきます。\n※過去に本アイテムをお取り寄せいただいたことがある場合、前回の記事と同じものを使いまわすのはお控えください。\n発覚した際は報酬をお支払いできない場合がございます。',1,'過去このサービス（商品）を利用したことがありますか？\nはい/いいえで教えてください。（※過去に利用したことがある場合でも、申込みが可能です。）','　','・ご自身で撮影した写真を、1枚以上ブログに掲載してください。\n・商品やサービスについての感想や紹介を、最低3文以上を目安に掲載してください。\n・ハッシュタグに、必ず「#PR」をつけて投稿してください。\n・Ameba Pickのお知らせに発送通知が届いてから3週間以内に投稿を行ってください。\n・投稿した記事は、最低1年以上公開し、記事の削除はお控えください。\n\n※上記が守られない場合、報酬が反映されない、今後のスペシャルセレクト利用をお断りさせていただく場合がございます。','Amebaトップブロガーえりんさんとの共同開発アイテムのカジュアルなチョーカー',1,'【オープン】【Un/えりん共同開発】ベーシックチョーカー（ゴールド/シルバー）_202206','2022-06-24 16:00:58','oidc|Perman|S17673','2022-06-27 07:36:26','oidc|Perman|S16440'),
	('8YMAHpOUyyp1CtaRqJ9Ks6','45400','','',1,NULL,0,'2022-06-24 12:00:00','2022-12-31 23:59:59','1,500円（税込）※初回限定',NULL,2125,NULL,NULL,4900,'2022-12-31 23:59:59','2022-12-31 23:59:59',0,NULL,0,'＜製品特徴＞ \n毛穴が気になる、Tゾーンはテカり、Uゾーンはカサつくという方におすすめ。\n◆みずみずしくうるおってキメが整う\n独自成分「アクティブセラミド」と「モイストチャージコラーゲン」が角層のすみずみを満たして、つるんとなめらかな肌へ\n◆毛穴まわりの肌をきゅっとひきしめる\n開いた毛穴の原因に「ビタミンP」がアプローチし、うるおうことで毛穴が目立たないキュッとなめらか肌へ\n\n▼サイトを詳しく見る \nhttps://www.fancl.co.jp/pub/mrg/index_am_sp.html','https://stat.amebaad.jp/ad/specialselect/amebapick/todo.png',2,'過去このサービス（商品）を利用したことがありますか？\nはい/いいえで教えてください。（※過去に利用したことがある場合でも、申込みが可能です。）','不正、及び禁止事項を行った媒体\n薬機法に抵触する可能性がある媒体\nその他、公序良俗に反する媒体\n上記媒体は提携解除とします\n\n■広告掲載における注意事項\n広告掲載の際は下記URLを必ず、ご確認頂き、\nガイドラインに沿った掲載をお願い致します。\n▼URL\n・ファンケル広告のガイドライン\nhttps://stat.amebaad.jp/ad/amebapick/fancl/cosme_202005.pdf\n\n※ガイドラインに則してないと判断した場合は、修正及び提携解除の対象となりますのでご注意下さいませ。\n健全な広告運用へのご協力をお願い申し上げます。','・ご自身で撮影した写真を、1枚以上ブログに掲載してください。\n・商品やサービスについての感想や紹介を、最低3文以上を目安に掲載してください。\n・ハッシュタグに、必ず「#PR」をつけて投稿してください。\n・Ameba Pickのお知らせに発送通知が届いてから3週間以内に投稿を行ってください。\n・投稿した記事は、最低1年以上公開し、記事の削除はお控えください。\n\n※上記が守られない場合、報酬が反映されない、今後のスペシャルセレクト利用をお断りさせていただく場合がございます。','ファンケルのスキンケアでみずみずしくうるおう肌へ',1,'【手動】モイストリファイン うるおい毛穴１ヵ月集中セット【毛穴パック・洗顔付き】_202206','2022-06-24 19:30:25','oidc|Perman|S17673','2022-06-24 20:11:45','oidc|Perman|S09477'),
	('a3umMEt2xYMPxBm0YzB6b5','45402','','',1,NULL,0,'2022-06-24 12:00:00','2022-12-31 23:59:59','1,600円（税込）※初回限定',NULL,2125,NULL,NULL,4900,'2022-12-31 23:59:59','2022-12-31 23:59:59',0,NULL,0,'＜製品特徴＞ \n肌のゆらぎによりバリア機能が低下することで発生する毛穴詰まりや繰り返しニキビを根本原因から予防し、ニキビのできにくい肌に導きます。\n ファンケル独自の6つの無添加(防腐剤・香料・合成色素・石油系界面活性剤・紫外線吸収剤・殺菌剤を不使用)処方。 \nニキビや毛穴悩みを根本原因からケアしてうるおいのあるなめらかな肌に整えます。\n\n◆「ゆさぶり因子」を新発見！繰り返しがちなニキビを防ぐ\nゆらぎがちな肌を根本から整え、ストレスに左右されない肌を目指します。\n◆「毛穴蓋」に着目！うるおいを保ち毛穴づまりを防ぐ\n「毛穴蓋」に着目したウメ果実エキスに加え、肌バリアをケアする漢植物エキスを配合。ニキビの発生を徹底的に防ぎます。\n◆肌の刺激をもらたす外的ストレスをケア\n「ケア」と「守り」の両面からダブルでアプローチします。\n \n▼サイトを詳しく見る \nhttps://www.fancl.co.jp/pub/acg/index_am_sp.html','https://stat.amebaad.jp/ad/specialselect/amebapick/todo.png',2,'過去このサービス（商品）を利用したことがありますか？\nはい/いいえで教えてください。（※過去に利用したことがある場合でも、申込みが可能です。）',NULL,'・ご自身で撮影した写真を、1枚以上ブログに掲載してください。\n・商品やサービスについての感想や紹介を、最低3文以上を目安に掲載してください。\n・ハッシュタグに、必ず「#PR」をつけて投稿してください。\n・Ameba Pickのお知らせに発送通知が届いてから3週間以内に投稿を行ってください。\n・投稿した記事は、最低1年以上公開し、記事の削除はお控えください。\n\n※上記が守られない場合、報酬が反映されない、今後のスペシャルセレクト利用をお断りさせていただく場合がございます。','大人ニキビ、もう繰り返さない。ファンケルのアクネケア。',1,'【手動】アクネケア薬用ニキビ1ヵ月集中セット【酵素洗顔パウダー付き】_202206','2022-06-24 11:47:27','oidc|Perman|S17673','2022-06-24 18:09:05','oidc|Perman|S09477'),
	('aO7HawIVconoqdqNbc3qV1','44988','S1-0140-01','',1,NULL,0,'2022-06-24 12:00:00','2022-12-31 23:59:59','5,900円（税込）',22,NULL,NULL,NULL,NULL,NULL,NULL,0,NULL,1,'スマホを片手に持って子供の相手をするのもなかなか大変ですよね。\n後ろポケットに入れているだけだと、知らない間に落としてしまったり運が悪ければ画面が割れてしまったり。そんな自分の育児の悩みを元に作ったのが「ママにやさしいスマホロングストラップ」です。おかげさまで、たくさんのママさんに使っていただいています！　お友達の出産のお祝いとしてもピッタリ。両手がフリーになって、ママのお出かけや子供とのお散歩がもっともっと楽しくなりますように！','1.申込後、Ameba Pickお知らせでご連絡させていただく専用クーポンコードを使い、ご自身で対象アイテムをご購入\n2.アイテムを実際に体験いただき、Ameba Pickの機能を使って対象アイテムの紹介記事を執筆・ご投稿\n\n※クーポンコードの金額を超えるご注文はご自身でご負担いただきます。\n※Ameba Pickについてはこちら(https://content.ameba.jp/ameba_pick/start/ )をご確認ください。\n※商品に関するwebページへの転載・広告バナーでの2次利用に対するご同意をお願いいたします。なお、2次利用が発生する場合は、事前に確認のご連絡をさせていただきます。\n※過去に本アイテムをお取り寄せいただいたことがある場合、前回の記事と同じものを使いまわすのはお控えください。\n発覚した際は報酬をお支払いできない場合がございます。',1,'過去このサービス（商品）を利用したことがありますか？\nはい/いいえで教えてください。（※過去に利用したことがある場合でも、申込みが可能です。）',NULL,' ・ご自身で撮影した写真を、1枚以上ブログに掲載してください。\n・商品やサービスについての感想や紹介を、最低3文以上を目安に掲載してください。\n・ハッシュタグに、必ず「#PR」をつけて投稿してください。\n・Ameba Pickのお知らせに発送通知が届いてから3週間以内に投稿を行ってください。\n・投稿した記事は、最低1年以上公開し、記事の削除はお控えください。\n\n※上記が守られない場合、報酬が反映されない、今後のスペシャルセレクト利用をお断りさせていただく場合がございます。','毎日のカジュアルコーデに合わせるデイリーパールネックレス',1,'【オープン】スマホ斜めがけストラップ（編みひも）ベージュ/ブラウン/ネイビー/シルバー_202206','2022-06-24 17:24:01','oidc|Perman|S13058','2022-06-27 07:31:49','oidc|Perman|S16440'),
	('armGWzPFzGCM20DW3VpzW3','45403','','',1,NULL,0,'2022-06-24 12:00:00','2022-12-31 23:59:59','500円（税込）※初回限定価格',NULL,2125,NULL,NULL,3400,'2022-12-31 23:59:59','2022-12-31 23:59:59',0,NULL,0,'＜製品価格＞\n　税込500円（初回限定特別価格）※お一人様１セット１回限り\n◆セールスポイント◆\n・落ちにくいメイクも、毛穴汚れも徹底オフ\n・肌への優しさにこだわった「とろすべオイル」でこすらず、するん。\n・肌のバリア機能を守って、うるおいキメ肌効果！\n\n◆ターゲットユーザー◆\n幅広い年代の方にご愛用いただいています\n\n◆おススメの提案の仕方◆\n・累計販売本数１億本（2003年4月～2021年9月末（リニューアル前商品の累計売上本数）\n・リニューアルして毛穴汚れ落ちパワーアップ\n・肌のことを考え抜いた究極のスキンケアクレンジング\n・使用感満足度94％※の大人気クレンジング\n・たっぷり1ヶ月分試せて、たったの500円。\n・ウォータープルーフマスカラもこすらずするん！マツエクもOK！\n・するする伸びてぬるつかない！\n※お客様モニター調査結果より　n=173','https://stat.amebaad.jp/ad/specialselect/amebapick/todo.png',2,'過去このサービス（商品）を利用したことがありますか？\nはい/いいえで教えてください。（※過去に利用したことがある場合でも、申込みが可能です。）','提携前に必ずご一読ください。\nリスティング出稿は禁止しております。\n無添加ワードを使う場合は、防腐剤・香料・合成色素・石油系界面活性剤・紫外線吸収剤を使っていない旨明記。\nその他、禁止事項は当ページに記載の項目をご確認ください。\n\n不正、及び禁止事項を行った媒体\n薬機法に抵触する可能性がある媒体\nその他、公序良俗に反する媒体\n上記媒体は提携解除とします\n\n■広告掲載における注意事項\n広告掲載の際は下記URLを必ず、ご確認頂き、\nガイドラインに沿った掲載をお願い致します。\n▼URL\n・ファンケル広告のガイドライン\nhttps://stat.amebaad.jp/ad/amebapick/fancl/cosme_202005.pdf\n\n※ガイドラインに則してないと判断した場合は、修正及び提携解除の対象となりますのでご注意下さいませ。\n健全な広告運用へのご協力をお願い申し上げます。','・ご自身で撮影した写真を、1枚以上ブログに掲載してください。\n・商品やサービスについての感想や紹介を、最低3文以上を目安に掲載してください。\n・ハッシュタグに、必ず「#PR」をつけて投稿してください。\n・Ameba Pickのお知らせに発送通知が届いてから3週間以内に投稿を行ってください。\n・投稿した記事は、最低1年以上公開し、記事の削除はお控えください。\n\n※上記が守られない場合、報酬が反映されない、今後のスペシャルセレクト利用をお断りさせていただく場合がございます。','すっぴん変わるクレンジング。リニューアルしてパワーアップしたファンケルのマイルドクレンジングオイル',1,'【手動】無添加マイルドクレンジングオイル トライアルボトル_202206','2022-06-24 12:09:28','oidc|Perman|S17673','2022-06-24 17:55:26','oidc|Perman|S13797'),
	('b0Dwq4dLQ6RUj5hSlGWsB2','44438','','',2,NULL,0,'2022-06-27 00:00:00','2022-12-31 23:59:59','2,178円（税込）※初回限定価格',NULL,2086,NULL,NULL,NULL,NULL,NULL,0,NULL,0,'ぷるぷるジェルで素肌がキュッ！\nフィトリフト オールインワンジェルは、復元力の高い特殊素材「ハリネットポリマー」配合の形状記憶ジェルです。ツルンと気持ちのいいテクスチャーで、肌の外側にリフティングネットを張りめぐらして弾力を補強。「ピン」と力のあるハリをお肌を作り出します。','https://stat.amebaad.jp/ad/specialselect/amebapick/todo.png',2,'※削除※','※削除※','※削除※','※削除※ヒアルロン酸以上の潤い力のあるオールインワンジェル',1,'※削除※【オープン】高機能化粧品PHYTOLIFT(フィトリフト)_202206','2022-06-23 18:00:45','oidc|Perman|S15630','2022-06-24 20:59:19','oidc|Perman|S17673'),
	('BjLpCFnPhWGhm3WSbLB222','44988','N1-0868','',1,NULL,0,'2022-06-24 12:00:00','2022-12-31 23:59:59','12,980円（税込）',22,NULL,NULL,NULL,NULL,NULL,NULL,0,NULL,1,'ベーシックで存在感のあるゴールドのチェーンのネックレスです。\n普通に一連ネックレスとして着ける以外に、留め具部分を前に持ってきてチェーンを垂らしてY字に着けるのも素敵・・・お手持ちのチャームを通してもお使い頂けます（チャームの形状によります）。\nベーシックで上質なネックレスがお顔周りにあるとコーデがぐっと格上げされます。','1.申込後、Ameba Pickお知らせでご連絡させていただく専用クーポンコードを使い、ご自身で対象アイテムをご購入\n2.アイテムを実際に体験いただき、Ameba Pickの機能を使って対象アイテムの紹介記事を執筆・ご投稿\n\n※クーポンコードの金額を超えるご注文はご自身でご負担いただきます。\n※Ameba Pickについてはこちら(https://content.ameba.jp/ameba_pick/start/ )をご確認ください。\n※商品に関するwebページへの転載・広告バナーでの2次利用に対するご同意をお願いいたします。なお、2次利用が発生する場合は、事前に確認のご連絡をさせていただきます。\n※過去に本アイテムをお取り寄せいただいたことがある場合、前回の記事と同じものを使いまわすのはお控えください。\n発覚した際は報酬をお支払いできない場合がございます。',1,'過去このサービス（商品）を利用したことがありますか？\nはい/いいえで教えてください。（※過去に利用したことがある場合でも、申込みが可能です。）','※商品ページに記載の「ブロガーやーっこさん」に関する記述及び画像の使用を禁止とする。','・ご自身で撮影した写真を、1枚以上ブログに掲載してください。\n・商品やサービスについての感想や紹介を、最低3文以上を目安に掲載してください。\n・ハッシュタグに、必ず「#PR」をつけて投稿してください。\n・Ameba Pickのお知らせに発送通知が届いてから3週間以内に投稿を行ってください。\n・投稿した記事は、最低1年以上公開し、記事の削除はお控えください。\n\n※上記が守られない場合、報酬が反映されない、今後のスペシャルセレクト利用をお断りさせていただく場合がございます。','ベーシックで存在感のあるゴールドのチェーンのネックレス',1,'【オープン】マイベーシックゴールドネックレス(40cm・60cm・75cm/14金GF)','2022-06-24 16:21:30','oidc|Perman|S10093','2022-06-27 07:34:06','oidc|Perman|S16440'),
	('bkLYmILtlGyUJbOgmPVSC1','47363','','',1,NULL,0,'2022-06-24 12:00:00','2022-12-31 23:59:59','9,900円～',NULL,2000,NULL,NULL,2700,'2022-12-31 23:59:59','2022-12-31 23:59:59',0,NULL,1,'『ユアマイスター』は、いろいろな業界のプロフェッショナルたちと、\n ものを大切にしたい人たちをつなぐプラットフォームです。ハウスクリーニングはプロにまかせてサボりませんか？\nユアマイスターの「エアコンクリーニング」を体験いただき、ブログにてご紹介ください！\n※体験日程についてはユアマイスター株式会社よりお客様に直接ご連絡をさせていただきます\n　Amebaに登録しているご連絡先に間違いがないかを申込前に必ずご確認ください。\n\n全額返金保証について\n実施後の仕上がりにご満足いただけない場合に、マイページに記載された施工日から7日間に限り再施工をユアマイスター負担で行う補償制度です。\nまた、再施工を希望されない場合には作業代金の返金を行います。\n補償には条件がございます。\n※予約者本人の申請である。\n※対象サービスページに記載されている範囲内の施工不備である。\n※施工日から7日以内のお申し出である。\n※問い合わせフォームの問い合わせ種別にて、【「再施工・返金保証」について】をご選択ください。\n※「再施工」「全額返金」「故障・破損補償」はいずれか1つのみご利用可能です。併用はできません。\n※保証期間延長プランにご加入の方は、施工日から30日以内のお申出まで受け付けています。','サービスを実際に体験いただき、Ameba Pickの機能を使って対象アイテムの紹介記事を執筆・ご投稿\n\n※後日、本サービスの担当者様よりご回答いただいたメールアドレス宛にご連絡させていただき、予約日程の調整をさせていただきます。\n※Ameba Pickについてはこちら(https://content.ameba.jp/ameba_pick/start/ )をご確認ください。\n※商品に関するwebページへの転載・広告バナーでの2次利用に対するご同意をお願いいたします。なお、2次利用が発生する場合は、事前に確認のご連絡をさせていただきます。\n※過去に本サービスをご体験いただいたことがある場合、前回の記事と同じものを使いまわすのはお控えください。\n発覚した際は報酬をお支払いできない場合がございます。',1,'下記2点をご回答ください。\n①ご希望のサービス体験日程\n申込日の2週間後以降の日程を第3希望まで教えてください。\n例）6/27申込→7/11 午前中、7/12午後、7/13午前中\n②ご連絡先メールアドレス\nユアマイスターから予約調整のメールが届きます。','※サービス価格は季節や時期によって変化します\n※プロモーションに起用しているTOKIOに関して、権利の観点からブログ内で画像・テキスト共に掲載をご遠慮ください。','・ご自身で撮影した写真を、1枚以上ブログに掲載してください。\n・商品やサービスについての感想や紹介を、最低3文以上を目安に掲載してください。\n・ハッシュタグに、必ず「#PR」をつけて投稿してください。\n・Ameba Pickのお知らせに発送通知が届いてから3週間以内に投稿を行ってください。\n・投稿した記事は、最低1年以上公開し、記事の削除はお控えください。\n\n※上記が守られない場合、報酬が反映されない、今後のスペシャルセレクト利用をお断りさせていただく場合がございます。','初めてでも安心！ユアマイスターのエアコンクリーニング',1,'【オープン】プロのエアコンクリーニング　おまかせマイスター_202206','2022-06-24 09:27:45','oidc|Perman|S09477','2022-06-27 07:23:40','oidc|Perman|S16440'),
	('cBZVr8lCLqtEi3rYAdVVY2','44988','NL-1891-erin-G','',1,NULL,0,'2022-06-24 12:00:00','2022-12-31 23:59:59','6,800円（税込）',22,NULL,NULL,NULL,NULL,NULL,NULL,0,NULL,1,'「35歳からのプチプラを品良く着こなしたいファッションブログ」Ameba公式トップブロガーのえりんさんとの共同開発アイテムです。\nほどよくトレンド感と我が道を行く好きなものを絶妙なバランスで組み立てるコーディネートで人気なえりんさん。そんなえりんさんにしか作れない、やりすぎないオシャレ感がつまったアクセサリーを一緒に作りました。\n\nサイズ\n・ネックレス革紐：約76cm\n・アジャスター：6cm\n・チャーム：縦43mm／横33mm／幅3mm\n素材        真鍮／18金メッキ／シルバーカラーメッキ／本皮\n重さ        16.8g','1.申込後、Ameba Pickお知らせでご連絡させていただく専用クーポンコードを使い、ご自身で対象アイテムをご購入\n2.アイテムを実際に体験いただき、Ameba Pickの機能を使って対象アイテムの紹介記事を執筆・ご投稿\n\n※クーポンコードの金額を超えるご注文はご自身でご負担いただきます。\n※Ameba Pickについてはこちら(https://content.ameba.jp/ameba_pick/start/ )をご確認ください。\n※商品に関するwebページへの転載・広告バナーでの2次利用に対するご同意をお願いいたします。なお、2次利用が発生する場合は、事前に確認のご連絡をさせていただきます。\n※過去に本アイテムをお取り寄せいただいたことがある場合、前回の記事と同じものを使いまわすのはお控えください。\n発覚した際は報酬をお支払いできない場合がございます。',1,'過去このサービス（商品）を利用したことがありますか？\nはい/いいえで教えてください。（※過去に利用したことがある場合でも、申込みが可能です。）','　','・ご自身で撮影した写真を、1枚以上ブログに掲載してください。\n・商品やサービスについての感想や紹介を、最低3文以上を目安に掲載してください。\n・ハッシュタグに、必ず「#PR」をつけて投稿してください。\n・Ameba Pickのお知らせに発送通知が届いてから3週間以内に投稿を行ってください。\n・投稿した記事は、最低1年以上公開し、記事の削除はお控えください。\n\n※上記が守られない場合、報酬が反映されない、今後のスペシャルセレクト利用をお断りさせていただく場合がございます。','Amebaトップブロガーえりんさんとの共同開発アイテムの究極のネックレス',1,'【オープン】シュプールレザーネックレス（ゴールド・シルバー）202206','2022-06-24 16:02:03','oidc|Perman|S10093','2022-06-27 07:35:29','oidc|Perman|S16440'),
	('D6z85NVyGob2kTkKHjdEYq','46948','','',1,NULL,0,'2022-06-24 12:00:00','2022-12-31 23:59:59','1,595円（税込）※定期初回価格',NULL,7200,NULL,NULL,8500,'2022-12-31 23:59:59','2022-12-31 23:59:59',0,NULL,0,'「ACNAL（アクナル）」は、学生時代からにきびに悩み続けていた開発者が、「自分の肌に自信を持てるようになりたい」という想いから開発をスタートしました。\n化粧品や肌について知識を深めていく中で、今までのにきびケアが間違っていたことに気づくとともに、何をしても治らないにきびの悪化要因は日中に多く集中していることがわかりました。\nそこで、日中のにきびの悪化要因を徹底的に追求し、「にきび悩みを解決に導く製品を世に届けたい」と開発担当者の等身大の悩みと共に製品化が実現しました。\n\n《炎症にきびをケアしながらしっかり落とすピンクオイル》\n■商品特徴\n1.ピンクオイルで洗う、洗顔＆クレンジング\n2.ウォータークッションオフ処方により、W洗顔不要\n3.スキンケアの浸透を高めるブースター効果\n4.ハーブオレンジの香りでリフレッシュ！ストレスまで一緒にオフ！\n\n初回限定3,190円が約50％OFFの1,595円になる特別キャンペーンを実施します。2回目以降もずっと20％OFFのとってもお得なキャンペーンです。','https://stat.amebaad.jp/ad/specialselect/amebapick/todo.png',2,'過去このサービス（商品）を利用したことがありますか？\nはい/いいえで教えてください。（※過去に利用したことがある場合でも、申込みが可能です。）',NULL,'・ご自身で撮影した写真を、1枚以上ブログに掲載してください。\n・商品やサービスについての感想や紹介を、最低3文以上を目安に掲載してください。\n・ハッシュタグに、必ず「#PR」をつけて投稿してください。\n・Ameba Pickのお知らせに発送通知が届いてから3週間以内に投稿を行ってください。\n・投稿した記事は、最低1年以上公開し、記事の削除はお控えください。\n\n※上記が守られない場合、報酬が反映されない、今後のスペシャルセレクト利用をお断りさせていただく場合がございます。','マナラからにきび悪化が進む日中に着目したケア商品が登場！にきび肌のための洗顔＆クレンジングです。',1,'【手動】アクナル　ピンクハーブクレンジング_202206','2022-06-24 19:00:49','oidc|Perman|S17673','2022-06-24 20:18:08','oidc|Perman|S09477'),
	('DzvoiMaDcqC0HjyWammGw2','44988','N2-0071-01','',1,NULL,0,'2022-06-24 12:00:00','2022-12-31 23:59:59','8,140円（税込）',22,NULL,NULL,NULL,NULL,NULL,NULL,0,NULL,1,'パール＝かっちりではなく、公園に行くときも着けられるパールネックレスです。とっておきのパールネックレスは引き出しにしまってあるけど、なかなか出番がない・・・けど雑誌でよく見るパールネックレスの普段づかいがしたい！という方にオススメです。Tシャツやボーダー、ゆるっとしたシャツに合わせるコーデがGood。','1.申込後、Ameba Pickお知らせでご連絡させていただく指定のリンクより、ご自身で対象アイテムをご購入\n2.購入証明（注文番号）をgoogleフォームにてご回答（必要な場合のみ）\n3.アイテムを実際に体験いただき、Ameba Pickの機能を使って対象アイテムの紹介記事を執筆・ご投稿\n\n※アイテムのご購入代金は、弊社にて負担させていただきます。\n※ご購入代金は、後日ドットマネー（https://d-money.jp/ ）にて付与させていただきます。\n※Ameba Pickについてはこちら(https://content.ameba.jp/ameba_pick/start/ )をご確認ください。\n※商品に関するwebページへの転載・広告バナーでの2次利用に対するご同意をお願いいたします。なお、2次利用が発生する場合は、事前に確認のご連絡をさせていただきます。\n※過去に本アイテムをお取り寄せいただいたことがある場合、前回の記事と同じものを使いまわすのはお控えください。\n発覚した際は報酬をお支払いできない場合がございます。',1,'過去このサービス（商品）を利用したことがありますか？\nはい/いいえで教えてください。（※過去に利用したことがある場合でも、申込みが可能です。）',NULL,'1.申込後、Ameba Pickお知らせでご連絡させていただく専用クーポンコードを使い、ご自身で対象アイテムをご購入\n2.アイテムを実際に体験いただき、Ameba Pickの機能を使って対象アイテムの紹介記事を執筆・ご投稿\n\n※クーポンコードの金額を超えるご注文はご自身でご負担いただきます。\n※Ameba Pickについてはこちら(https://content.ameba.jp/ameba_pick/start/ )をご確認ください。\n※商品に関するwebページへの転載・広告バナーでの2次利用に対するご同意をお願いいたします。なお、2次利用が発生する場合は、事前に確認のご連絡をさせていただきます。\n※過去に本アイテムをお取り寄せいただいたことがある場合、前回の記事と同じものを使いまわすのはお控えください。\n発覚した際は報酬をお支払いできない場合がございます。','毎日のカジュアルコーデに合わせるデイリーパールネックレス',1,'【オープン】バロックパールネックレス(ショート/ホワイト)_202206','2022-06-24 11:49:25','oidc|Perman|S13797','2022-06-27 07:37:51','oidc|Perman|S16440'),
	('E1QJb5BYYgIaNTOHcx5pu2','45315','','',2,NULL,0,'2022-06-24 12:00:00','2022-12-31 23:59:59','1,800円（税込）※初回限定',NULL,2125,NULL,NULL,4900,'2022-12-31 23:59:59','2022-12-31 23:59:59',0,NULL,0,'＜製品特徴＞\n大人気エイジングケア※がシワ改善機能をプラスしてパワーアップ。\n毎日のスキンケアで気になるシワを改善し、ふっくらハリに満ちた肌に整えます。\n今あるシワはもちろん、年齢サインが気になる目もと・口もとの表情シワにもアプローチし、\n弾力に満ちたハリ肌へ導きます。\n※エイジングケア=「年齢に応じたケア」を指します\n\n◆シワ改善有効成分で角質層までアプローチ\n・有効成分ナイアシンアミドが角質層に働きかけ、コラーゲンを産生しシワを改善。\n\n◆トリプルハリ肌成分がコラーゲンを産生して肌を満たす\n・「新鮮さ」「質」に加えて「スピード」にもこだわったトリプルケアで、\n　より素早く、質の良いコラーゲンを肌を満たします。\n・肌全体のハリ感をアップ。\n\n◆ダメージを受ける前と後に。肌本来の美しさを引き出す力がアップ\n・シソ葉エキスを新配合うるおいで乾燥や摩擦などの刺激から肌を守り、ストレスに負けない強い肌へ。','https://stat.amebaad.jp/ad/specialselect/amebapick/todo.png',2,'過去このサービス（商品）を利用したことがありますか？\nはい/いいえで教えてください。（※過去に利用したことがある場合でも、申込みが可能です。）','提携前に必ずご一読ください。\nリスティング出稿は禁止しております。\n無添加ワードを使う場合は、防腐剤・香料・合成色素・石油系界面活性剤・紫外線吸収剤を使っていない旨明記。\nその他、禁止事項は当ページに記載の項目をご確認ください。\n\n不正、及び禁止事項を行った媒体\n薬機法に抵触する可能性がある媒体\nその他、公序良俗に反する媒体\n上記媒体は提携解除とします\n\n■広告掲載における注意事項\n広告掲載の際は下記URLを必ず、ご確認頂き、\nガイドラインに沿った掲載をお願い致します。\n▼URL\n・ファンケル広告のガイドライン\nhttps://stat.amebaad.jp/ad/amebapick/fancl/cosme_202005.pdf\n\n※ガイドラインに則してないと判断した場合は、修正及び提携解除の対象となりますのでご注意下さいませ。\n健全な広告運用へのご協力をお願い申し上げます。','・ご自身で撮影した写真を、1枚以上ブログに掲載してください。\n・商品やサービスについての感想や紹介を、最低3文以上を目安に掲載してください。\n・ハッシュタグに、必ず「#PR」をつけて投稿してください。\n・Ameba Pickのお知らせに発送通知が届いてから3週間以内に投稿を行ってください。\n・投稿した記事は、最低1年以上公開し、記事の削除はお控えください。\n\n※上記が守られない場合、報酬が反映されない、今後のスペシャルセレクト利用をお断りさせていただく場合がございます。','毎日のスキンケアでシワ改善、ファンケルのエンリッチプラス誕生',1,'※削除※エンリッチプラスシワ改善1ヵ月集中セット【美容液・酵素洗顔付き】_202206','2022-06-24 12:31:35','oidc|Perman|S17673','2022-06-24 20:59:13','oidc|Perman|S09477'),
	('GfdxRG4jLI9GgDDiw0GeI3','44438','','',1,NULL,0,'2022-06-24 12:00:00','2022-12-31 23:59:59','2,178円（税込）※初回限定価格',NULL,2086,NULL,NULL,NULL,NULL,NULL,0,NULL,0,'ぷるぷるジェルで素肌がキュッ！\nフィトリフト オールインワンジェルは、復元力の高い特殊素材「ハリネットポリマー」配合の形状記憶ジェルです。ツルンと気持ちのいいテクスチャーで、肌の外側にリフティングネットを張りめぐらして弾力を補強。「ピン」と力のあるハリをお肌を作り出します。','https://stat.amebaad.jp/ad/specialselect/amebapick/todo.png',2,'過去このサービス（商品）を利用したことがありますか？\nはい/いいえで教えてください。（※過去に利用したことがある場合でも、申込みが可能です。）','※プロモーション起用タレントの掲載について※\nプロモーション起用タレントについて、テキスト・画像・動画含め訴求掲載NGとなります。\n※弊社商品が紹介されたTV番組がある場合でもTV番組名やTV番組を撮影した素材などを使用することは禁止とさせていただきます。\n使用されているメディア様は今後提携解除および成果全却下とさせていただく可能性がございます。','・ご自身で撮影した写真を、1枚以上ブログに掲載してください。\n・商品やサービスについての感想や紹介を、最低3文以上を目安に掲載してください。\n・ハッシュタグに、必ず「#PR」をつけて投稿してください。\n・Ameba Pickのお知らせに発送通知が届いてから3週間以内に投稿を行ってください。\n・投稿した記事は、最低1年以上公開し、記事の削除はお控えください。\n\n※上記が守られない場合、報酬が反映されない、今後のスペシャルセレクト利用をお断りさせていただく場合がございます。','ヒアルロン酸以上の潤い力のあるオールインワンジェル2,178円（税込）※初回限定価格',1,'【オープン】高機能化粧品PHYTOLIFT(フィトリフト)','2022-06-24 16:43:11','oidc|Perman|S10093','2022-06-24 20:07:51','oidc|Perman|S17673'),
	('GL6GfJ2d5zjmIBisnls6j6','47473','','',1,NULL,0,'2022-06-24 12:00:00','2022-12-31 23:59:59','1,848円（税込）※定期初回限定',NULL,3800,NULL,NULL,5500,'2022-12-31 23:59:59','2022-12-31 23:59:59',0,NULL,0,'ホットクレンジングゲルでおなじみのマナラ化粧品から〈トーンアップ UV〉が、2022年3月に発売されました。\nおうち時間が増えお化粧がめんどくさくなってしまったり、\nマスクが汚れてしまうといったコロナ禍ならではのお悩みを解決してくれる日焼け止めになっております。\n\n肌を紫外線からしっかりと守りたいと感じている方や、マスク生活が続く中、軽めのベースメイクを好まれる方、\nマスクへのファンデーションの色移りが気になる方などに使っていただきたい、新・日やけ止めミルクです。\n\n最先端の光カット機能を搭載し、紫外線（UVA・UVB）はもちろん、肌の奥深くへ入り込む有害な太陽光（近赤外線・ブルーライト）もしっかりカット。\nまた、年齢を重ねることでトーンダウンしがちな大人の肌を ワントーン明るく、ツヤめく白肌へと仕上げます。\n\n商品特徴\n1.ファンデいらずで、くすみを飛ばしてトーンアップ\n2.キレイに仕上がるのにマスクにつきにくい\n3.うるさら処方を採用しているから、テカリも乾燥もダブルで防ぐ\n4.SPF50+ PA++++、ブルーライト、近赤外線カット\n5.美容成分94％配合だから乾燥しにくい','https://stat.amebaad.jp/ad/specialselect/amebapick/todo.png',2,'過去このサービス（商品）を利用したことがありますか？\nはい/いいえで教えてください。（※過去に利用したことがある場合でも、申込みが可能です。）','・競合美容商材の記載はブログ記事内で控えてください。\n・薬事法に抵触するような記述は避けてください。','・ご自身で撮影した写真を、1枚以上ブログに掲載してください。\n・商品やサービスについての感想や紹介を、最低3文以上を目安に掲載してください。\n・ハッシュタグに、必ず「#PR」をつけて投稿してください。\n・Ameba Pickのお知らせに発送通知が届いてから3週間以内に投稿を行ってください。\n・投稿した記事は、最低1年以上公開し、記事の削除はお控えください。\n\n※上記が守られない場合、報酬が反映されない、今後のスペシャルセレクト利用をお断りさせていただく場合がございます。','ホットクレンジングゲルでおなじみのマナラ化粧品からトーンアップ UVが発売！',1,'【手動】マナラ トーンアップUV_202206','2022-06-24 09:59:15','oidc|Perman|S09477','2022-06-24 18:13:30','oidc|Perman|S13797'),
	('hK4qoiebpAcEuJPPOwiyy4','47286','','',2,NULL,0,'2022-06-24 12:00:00','2022-12-31 23:59:59','①11,000円（税込）、②17,050円（税込）、③11,000円（税込）',15,NULL,NULL,NULL,NULL,NULL,NULL,1,'10％オフクーポン',1,'①EVER BRILLIANCE / 0.3カラット 6爪ソリティアリング【tf6839r】      \nシンプルで品のある作りが好評の0.3カラット一粒リング。長く愛される6本爪で普段使いしやすい高さを抑えたデザインです。\n【商品URL】https://www.jewelrycastle.jp/view/item/000000000376  \n【販売価格】11,000円（税込）\n【商品詳細】\n・ストーン：EVER BRILLIANCEカットジルコニア 0.3カラット（4.5mm・ラウンドブリリアントカット）\nEVER BRILLIANCEカットにつきましてはこちらでご確認いただけます。\nhttps://www.jewelrycastle.jp/view/page/everbrilliancecut\n・素材：シルバー925にプラチナ又は18金仕上※2カラー\n　　　　リングサイズ：6号~15号（1号刻み）\n\n程よいサイズ感で、デイリーから手先に美しい輝きの色どりを添える飽きのこないシンプルな一粒リング♪\n流行り廃りのない６本爪のデザインを高さを抑えた普段使いにもとっても使いやすいデザインにてお作りいたしました。\nストーンには、4.5mm（0.3カラット相当）のEVER BRILLIANCEカットジルコニアを使用しておりますので、上質なダイヤモンドに近い輝きをいつでもお楽しみいただけます。\n\n②EVER BRILLIANCE / クロスラインハーフエタニティーリング【tf633r】\nクロスしたデザインが指を細く・長く見せる嬉しい効果があり、ハーフエタニティーのシンプルエレガントな雰囲気も醸し出すリングです。\n【商品URL】https://www.jewelrycastle.jp/view/item/000000000031\n【販売価格】17,050円（税込）\n【商品詳細】\nストーン：EVER BRILLIANCEカットジルコニア トータルカラット：0.21カラット\n素材：シルバー925にプラチナ又は18金仕上※2カラー\nリングサイズ：6号~18号（1号刻み）\n\n緩やかにカーブを描いた２本のラインがクロスする高いデザイン性と、程よいボリューム感が人気の、デザイナーズリング。１４石の光り輝くEVER BRILLIANCEカットジルコニアがさり気ないゴージャス感もアピールいたします。\n\n③EVER BRILLIANCE / 流線型が美しい 0.3カラットデザイナーズリング【tf6890r】\n爪を使わない石留めが日常使いで引っ掛かりなどがなく使いやすい一粒のシンプルなリングです。       \n【商品URL】https://www.jewelrycastle.jp/view/item/000000000023  \n【販売価格】11,000円（税込）\n【商品詳細】\nストーン：EVER BRILLIANCEカットジルコニア 0.3カラット（4.5mm・ラウンドブリリアントカット）\n素材：シルバー925にプラチナ又は18金仕上※2カラー\nリングサイズ：6号~15号（1号刻み）\n\n日常のあらゆる装いにも特別な装いにもすっと馴染む緩やかな美しい流れの中に上質な輝き♪\n0.3ct(4.5mm)のEVER BRILLIANCEカットジルコニアが手元に彩りを添えるシンプルなデザイナーズリング。','1.申込後、Ameba Pickお知らせでご連絡させていただく専用クーポンコードを使い、ご自身で対象アイテムをご購入\n2.アイテムを実際に体験いただき、Ameba Pickの機能を使って対象アイテムの紹介記事を執筆・ご投稿\n\n※クーポンコードの金額を超えるご注文はご自身でご負担いただきます。\n※Ameba Pickについてはこちら(https://content.ameba.jp/ameba_pick/start/ )をご確認ください。\n※商品に関するwebページへの転載・広告バナーでの2次利用に対するご同意をお願いいたします。なお、2次利用が発生する場合は、事前に確認のご連絡をさせていただきます。\n※過去に本アイテムをお取り寄せいただいたことがある場合、前回の記事と同じものを使いまわすのはお控えください。\n発覚した際は報酬をお支払いできない場合がございます。',1,'サンプリング希望のアイテム、カラー、サイズをお選びいただき、下記フォームよりご回答ください。\n※サイズは1号刻み\n①0.3カラット6爪ソリティアリング      \nカラー：プラチナ/ゴールド\nサイズ：6~15号\n② クロスラインハーフエタニティーリング\nカラー：プラチナ/ゴールド\nサイズ：6~18号\n③流線型が美しい0.3カラットデザイナーズリング\nカラー：プラチナ/ゴールド\nサイズ：6~15号',NULL,'・ご自身で撮影した写真を、1枚以上ブログに掲載してください。\n・商品やサービスについての感想や紹介を、最低3文以上を目安に掲載してください。\n・ハッシュタグに、必ず「#PR」をつけて投稿してください。\n・Ameba Pickのお知らせに発送通知が届いてから3週間以内に投稿を行ってください。\n・投稿した記事は、最低1年以上公開し、記事の削除はお控えください。\n\n※上記が守られない場合、報酬が反映されない、今後のスペシャルセレクト利用をお断りさせていただく場合がございます。','理想的に輝くダイヤモンドと同様の精密なカットが施されたジュエリーキャッスルオリジナルのリングです。',1,'※削除※【オープン】ジュエリーキャッスル　リング_202206','2022-06-24 17:47:18','oidc|Perman|S17673','2022-06-24 20:58:01','oidc|Perman|S09477'),
	('Ih6N53moxAaTCAHqQRCXW2','44988','BR1-G-1885-yonnie','',1,NULL,0,'2022-06-24 12:00:00','2022-12-31 23:59:59','ゴールド：4,200円（税込） シルバー：4,800円（税込） セット：7,800円（税込）',22,NULL,NULL,NULL,NULL,NULL,NULL,0,NULL,1,'「おしゃれもキレイも。欲張りワーママ宣言」yonnieさんコラボアイテム\nアメーバオフィシャルブロガーでありインスタグラマーであるyonnieさんは二児の母。ワーママならではの通勤にもOKなきれいめコーデが人気。\n使いやすいブローチが欲しい！というリクエストをたくさん頂いており、コラボさせていただきました。\n\nサイズ        \n・大サイズ(シルバー)：外径45mm、内径40mm\n・小サイズ(ゴールド)：外径約30mm、内径25mm\n・ジルコニア：25mm\n素材        真鍮／ゴールドメッキ／シルバーカラーメッキ／ジルコニア\n重さ        大5.3g小3.6g','1.申込後、Ameba Pickお知らせでご連絡させていただく専用クーポンコードを使い、ご自身で対象アイテムをご購入\n2.アイテムを実際に体験いただき、Ameba Pickの機能を使って対象アイテムの紹介記事を執筆・ご投稿\n\n※クーポンコードの金額を超えるご注文はご自身でご負担いただきます。\n※Ameba Pickについてはこちら(https://content.ameba.jp/ameba_pick/start/ )をご確認ください。\n※商品に関するwebページへの転載・広告バナーでの2次利用に対するご同意をお願いいたします。なお、2次利用が発生する場合は、事前に確認のご連絡をさせていただきます。\n※過去に本アイテムをお取り寄せいただいたことがある場合、前回の記事と同じものを使いまわすのはお控えください。\n発覚した際は報酬をお支払いできない場合がございます。',1,'過去このサービス（商品）を利用したことがありますか？\nはい/いいえで教えてください。（※過去に利用したことがある場合でも、申込みが可能です。）','　','・ご自身で撮影した写真を、1枚以上ブログに掲載してください。\n・商品やサービスについての感想や紹介を、最低3文以上を目安に掲載してください。\n・ハッシュタグに、必ず「#PR」をつけて投稿してください。\n・Ameba Pickのお知らせに発送通知が届いてから3週間以内に投稿を行ってください。\n・投稿した記事は、最低1年以上公開し、記事の削除はお控えください。\n\n※上記が守られない場合、報酬が反映されない、今後のスペシャルセレクト利用をお断りさせていただく場合がございます。','Amebaオフィシャルブロガーyonnieさんとのコラボアイテムの高見えブローチ',1,'【オープン】サークルパヴェブローチ（ゴールド／シルバー）_202206','2022-06-24 16:35:36','oidc|Perman|S17673','2022-06-27 07:30:12','oidc|Perman|S16440'),
	('iMBcWE8YGwcIroKJ8YeEI1','47109','','',1,NULL,0,'2022-06-24 12:00:00','2022-12-31 23:59:59','3,168円（税込）※定期初回価格',NULL,1413,NULL,NULL,4500,'2022-12-31 23:59:59','2022-12-31 23:59:59',0,NULL,0,'髪も頭皮もよろこぶ、100％天然由来・10の無添加※1にこだわって作られた「kurokamiスカルプ」。\n1.リンス不要\n2.頭皮ケア\n3.ハリ・コシ・ボリュームケア\n4.フケ・かゆみ・ニオイ※2ケア\n5.美髪ケア\n6.ダメージケアまでできる、1本6役のオールインワンシャンプーです。\nヤシ由来の洗浄成分※3が頭皮の汚れをしっかり落とし、天然由来の美容成分が髪や頭皮の角質層まで浸透。使うほどにふんわりとした髪へ。\nうるおい成分たっぷりなのでリンス・コンディショナーは要りません。\n香りは、オレンジ油やイランイラン花油・アオモジ果実油などの6種類の精油※4を丁寧にブレンドした柑橘系の香りです。\n\n〈ターゲット〉30代～40代の仕事・家事・育児で忙しい女性\n\n※1：シリコン・合成ポリマー・カチオン界面活性剤・石油系界面活性剤・合成香料・合成着色料・鉱物油・紫外線吸収剤・合成防腐剤・合成保存料は無添加\n※2：洗い流すことによる\n※3：ココイルグルタミン酸ＴＥＡ、ココイルメチルアラニンＮa、ココイルグリシンＫ、コカミドＤＥＡ\n※4：レモン果皮油、アオモジ果実油、グレープフルーツ果皮油、オレンジ油、イランイラン花油、ライム油','https://stat.amebaad.jp/ad/specialselect/amebapick/todo.png',2,'過去このサービス（商品）を利用したことがありますか？\nはい/いいえで教えてください。（※過去に利用したことがある場合でも、申込みが可能です。）','【掲載NGジャンル】公序良俗に反するサイト、アダルト、ギャンブル\n【リスティング制限】社名、商標での出稿NG（類似、ひらカナ、ローマ字表記など含む）\n【却下条件】\n虚偽、申込不備、返品、キャンセル、未払い、受取拒否、悪戯、重複、リピート、商標系リスティングなど','・ご自身で撮影した写真を、1枚以上ブログに掲載してください。\n・商品やサービスについての感想や紹介を、最低3文以上を目安に掲載してください。\n・ハッシュタグに、必ず「#PR」をつけて投稿してください。\n・Ameba Pickのお知らせに発送通知が届いてから3週間以内に投稿を行ってください。\n・投稿した記事は、最低1年以上公開し、記事の削除はお控えください。\n\n※上記が守られない場合、報酬が反映されない、今後のスペシャルセレクト利用をお断りさせていただく場合がございます。','100％天然由来のオールインワンシャンプー｜1本で根本からハリ・コシのある美しい髪へ',0,'【クローズド】100％天然由来のエイジングケア（年齢に応じたケア）シャンプー haru「kurokamiスカルプ」_202206','2022-06-24 19:13:01','oidc|Perman|S17673','2022-06-24 20:03:12','oidc|Perman|S09477'),
	('jO0SjrLt6bMDazGf90E7U5','44574','','',1,NULL,0,'2022-06-24 12:00:00','2022-12-31 23:59:59','2,420円（税込）',NULL,1322,NULL,NULL,3478,'2022-12-31 23:59:59','2022-12-31 23:59:59',0,NULL,0,'・商品内容\nアルティモイストライントライアルキット（約2週間分）\n　[化粧水＋保湿美容液＋クリーム＋洗顔フォーム＋泡立てネット]\n 初回限定・送料無料 2,420円（税込）\n\n・商品特徴\nアルティモイストの保湿成分は「ヒト型セラミド※」×「ナイアシンアミド」を融合した、\n究極の保湿体験を提供します。\n\nモイストフルネスという新発想で、\n心地よくうるおいに満たされる肌へと導くための新保湿サイエンスを搭載しています。\n\nこんな肌悩みの方におすすめです\n------------------------\n・ 年々、肌が乾燥しやすくなったと感じる\n・ 季節の変わり目はいつも肌が敏感\n・ いつものスキンケアに刺激を感じることも…\n------------------------\n\n年齢を重ねることで引き起こされる乾燥・敏感性のダメージから肌を守り、\n心地よく心まで満たされる、\nキメが整ったしっとりと美しいプラスレベルの素肌に導きます。\n\n※　保湿成分：セラミドEOP、NG、NP、AG、AP','https://stat.amebaad.jp/ad/specialselect/amebapick/todo.png',2,'過去このサービス（商品）を利用したことがありますか？\nはい/いいえで教えてください。（※過去に利用したことがある場合でも、申込みが可能です。）',NULL,'・ご自身で撮影した写真を、1枚以上ブログに掲載してください。\n・商品やサービスについての感想や紹介を、最低3文以上を目安に掲載してください。\n・ハッシュタグに、必ず「#PR」をつけて投稿してください。\n・Ameba Pickのお知らせに発送通知が届いてから3週間以内に投稿を行ってください。\n・投稿した記事は、最低1年以上公開し、記事の削除はお控えください。\n\n※上記が守られない場合、報酬が反映されない、今後のスペシャルセレクト利用をお断りさせていただく場合がございます。','うるおい吸い付く大人の満ち肌へ　ラインで試せるトライアルキット',1,'【手動】ETVOS　アルティモイスト　トライアルキット_202206','2022-06-24 18:16:27','oidc|Perman|S17673','2022-06-24 20:28:55','oidc|Perman|S09477'),
	('juIibODRS64f2Wzc5czYB2','44858','','',1,NULL,0,'2022-06-24 12:00:00','2022-07-27 23:59:59','3,000円（税込）※初回限定価格',NULL,5217,NULL,NULL,NULL,NULL,NULL,0,NULL,0,'・累計販売数5000万個突破！※自社調べ\n・長年愛され続けて32年！\n・13秒に1個売れている石鹸！※自社調べ\n・アンクソープ、センシティブザイフとエッセンシャルシャワーモイスト、キハナクリーミーセラムに泡立てネット、ソープディッシュが付いた豪華６点セット。\n・楽天スキンケアランキング1位獲得\n　※楽天スキンケア部門洗顔石けんウィークリー部門（2022年3月13日実績）。\n・今なら62.5％OFF！','https://stat.amebaad.jp/ad/specialselect/amebapick/todo.png',2,'過去このサービス（商品）を利用したことがありますか？\nはい/いいえで教えてください。（※過去に利用したことがある場合でも、申込みが可能です。）','虚偽情報、ユーザーが誤解する表現、競合他社商品の誹謗中傷はご遠慮ください                		','・ご自身で撮影した写真を、1枚以上ブログに掲載してください。\n・商品やサービスについての感想や紹介を、最低3文以上を目安に掲載してください。\n・ハッシュタグに、必ず「#PR」をつけて投稿してください。\n・Ameba Pickのお知らせに発送通知が届いてから3週間以内に投稿を行ってください。\n・投稿した記事は、最低1年以上公開し、記事の削除はお控えください。\n\n※上記が守られない場合、報酬が反映されない、今後のスペシャルセレクト利用をお断りさせていただく場合がございます。','肌に不要なものは与えない、素肌美のための30日分洗顔＆スキンケアおためしセット',0,'【自動】素肌つるつるセット_202206','2022-06-24 10:45:13','oidc|Perman|S17673','2022-06-24 19:34:38','oidc|Perman|S13797'),
	('jXSr9nX9TSqUXLiv58qeG6','RK000001','kira-kira:10016921','',1,10,0,'2022-06-01 15:00:06','2022-12-31 15:00:12','2,980円(税込)',4,NULL,NULL,NULL,NULL,NULL,NULL,0,NULL,1,'テストの用のアイテムです。\n\n【テスト】\n・A\n・B\n・C\n\n【テスト】\n・D\n・E\n・F','https://stat.amebaad.jp/ad/specialselect/amebapick/todo.png',2,'テストです','テストです','テストです','テスト用のアイテムです',0,'テスト_202206','2022-06-23 15:10:05','oidc|Perman|marina_ishibashi','2022-06-27 11:03:30','oidc|Perman|yoshida_tomohiro_gn'),
	('KXTRC0fkaPVAq9GYqIHnZk','46161','','',1,NULL,0,'2022-06-24 00:00:00','2022-12-31 23:59:59','アイテムによって異なります',11.5,NULL,NULL,17.3,NULL,NULL,'2022-12-31 23:59:59',0,NULL,1,'2,000点以上のトレンドアクセサリーをどこよりも低価格で販売しています。\n100円以下で百均よりも安い価格なのに、高見えするアイテムも多数！\nアクセサリーだけでなく、バッグやベルト、帽子等のファッション雑貨等の豊富な品揃えがあります！\nカジュアル、オフィス、ドレス等、様々なオケージョンを想定したラインナップ。\n・送料全国一律330円 ※ネコポスの場合（2,200円以上で送料無料！）\n・今なら新規会員登録でお得なクーポンも配布中♪','1.申込後、Ameba Pickお知らせでご連絡させていただく専用クーポンコードを使い、ご自身で対象アイテムをご購入\n2.アイテムを実際に体験いただき、Ameba Pickの機能を使って対象アイテムの紹介記事を執筆・ご投稿\n\n※クーポンコードの金額を超えるご注文はご自身でご負担いただきます。\n※Ameba Pickについてはこちら(https://content.ameba.jp/ameba_pick/start/ )をご確認ください。\n※商品に関するwebページへの転載・広告バナーでの2次利用に対するご同意をお願いいたします。なお、2次利用が発生する場合は、事前に確認のご連絡をさせていただきます。\n※過去に本アイテムをお取り寄せいただいたことがある場合、前回の記事と同じものを使いまわすのはお控えください。\n発覚した際は報酬をお支払いできない場合がございます。',1,'過去このサービス（商品）を利用したことがありますか？\nはい/いいえで教えてください。（※過去に利用したことがある場合でも、申込みが可能です。）','【却下条件】\n虚偽、重複、申込不備、返品、キャンセル、未払い、受取拒否、ご注文完了メールの未着、オークション転売行為、偽名による本人購入、既存顧客様からの購入、対象商品以外の購入、サイト内に該当商品の紹介文が確認できない場合、他社ASPとの重複成果で最終注文時間でない場合、同一世帯・同一ＩＰからの購入、連絡のつかないユーザーからの購入・申込\n【掲載NGジャンル】公序良俗に反するサイト、アダルト、ギャンブル','・ご自身で撮影した写真を、1枚以上ブログに掲載してください。\n・商品やサービスについての感想や紹介を、最低3文以上を目安に掲載してください。\n・ハッシュタグに、必ず「#PR」をつけて投稿してください。\n・Ameba Pickのお知らせに発送通知が届いてから3週間以内に投稿を行ってください。\n・投稿した記事は、最低1年以上公開し、記事の削除はお控えください。\n\n※上記が守られない場合、報酬が反映されない、今後のスペシャルセレクト利用をお断りさせていただく場合がございます。','豊富な品揃えで10代～40代の女性が愛用する激安アクセサリー通販サイト',1,'【手動】激安アクセサリー通販【LUPIS（ルピス）】_202206','2022-06-24 09:50:39','oidc|Perman|S09477','2022-06-24 17:54:00','oidc|Perman|S13797'),
	('MACsfPusF1RloCYMn4Eki1','47286','','',1,NULL,0,'2022-06-24 00:00:00','2022-12-31 23:59:59','①11,000 円　②16,280円　③18,150円、20,350円、24,750円（全て税込）		',15,NULL,NULL,NULL,NULL,NULL,NULL,1,'10％OFFクーポン',1,'①EVER BRILLIANCE / 0.1カラット モアサナイトベゼル一粒ネックレス【tf7661msn】\nダイヤモンドよりも輝くと話題の「モアサナイト（Dカラー）」が胸元に輝く一粒ベゼルネックレス。\n洋服などへの引っかかりが少なく 石も外れにくい丈夫なデザイン、 それでいて品の良さも醸し出すというデメリットよりもメリットの方が多いのがベゼルデザイン。\nシーンや洋服を選ばないデザイン なので、普段使いしやすく、流行りに左右されず飽きがこない ので、長く愛用できます。\n【商品URL】https://www.jewelrycastle.jp/view/item/000000000813        \n【販売価格】11,000円（税込）\n【商品詳細】\nストーン：モアサナイト0.1カラット（3.5mmラウンドブリリアント）\n素材：シルバー925にプラチナ又は18金仕上）\nチェーン：アズキチェーン　全長45cmスライドアジャスター付き\n\nスライドアジャスターつきなので 長さ調整が自由自在！\n短くしてチョーカー風の装いや、 長くしてニット等の上から装うのも可能です。\n装いに合わせて一年中使えるのも 嬉しいところ！\n\n②EVER BRILLIANCE / モアサナイト 0.25カラット両吊り一粒ネックレス【n7462msn025】\n上質なダイヤモンドと遜色ない輝きを気軽にご利用いただけると人気の「モアサナイト」\n0.25カラット（約4mm）を日常から気軽にご利用いただける一粒ネックレス。\n身に着けているだけで気分が高揚し、女性の美がより映える七色の輝き、胸元の空いた装いには短めのチェーンが最適なので、こちらは一般的な40cmよりも少々短めの全長38cmでお作りいたしました。\nチェーンは36cm部分にアジャスター環がついているので、2段階での長さ調整が可能となっております。\n【商品URL】https://www.jewelrycastle.jp/view/item/000000000833\n【販売価格】16,280円（税込）\n【商品詳細】\nストーン：モアサナイト0.25カラット（4mmラウンドブリリアント）\n素材：シルバー925にプラチナ又は18金仕上）\nチェーン：アズキチェーン　全長38cm 36cm部分にアジャ環つき\n\n③EVER BRILLIANCE / モアサナイトソリティアネックレス（両吊りタイプ）【tf5361msn030】                \nカジュアルからどんな装いにも合わせやすくて、ずれにくい両吊りタイプの一粒ネックレス\n当店一番人気のシンプル一粒デザインに話題のモアサナイトをセットしたアイテムです。\nダイヤモンドの2.5倍の輝きを放ち、ダイヤモンドとほぼ同等の硬さを持つモアサナイトの一粒ネックレス。\n世界中から取り寄せ厳選した最高級品質（Dカラー・カラーレス / VVS1以上 / エクセレントカット以上）だけのモアサナイト（モアッサナイト）を使用しております。憧れていた贅沢な輝きで日常を彩る、素敵なコーデをお楽しみいただけます。\n0.3カラット・0.5カラット・1カラットの3サイズがございます。\n・0.3カラット\n【商品URL】https://www.jewelrycastle.jp/view/item/000000000518\n【販売価格】18,150円（税込）\n【商品詳細】\nストーン：モアサナイト0.3カラット（4.5mmラウンドブリリアント）\n素材：シルバー925にプラチナ又は18金仕上）\nチェーン：アズキチェーン\n長さ：全長42ｃｍ（40cm部分と38cm部分にアジャスター環付き・3段階調整が可能）\n太さ：約0.9ｍｍ\n\n・0.5カラット\n【商品URL】https://www.jewelrycastle.jp/view/item/000000000519\n【販売価格】20,350円（税込）\n【商品詳細】\nストーン：モアサナイト0.5カラット（5.5mmラウンドブリリアント）\n素材：シルバー925にプラチナ又は18金仕上）\nチェーン：アズキチェーン\n長さ：全長42ｃｍ（40cm部分と38cm部分にアジャスター環付き・3段階調整が可能）\n太さ：約0.9ｍｍ\n\n・1カラット\n【商品URL】https://www.jewelrycastle.jp/view/item/000000000520        \n【販売価格】24,750円（税込）\n【商品詳細】\nストーン：モアサナイト1カラット（6.5mmラウンドブリリアント）\n素材：シルバー925にプラチナ又は18金仕上）\nチェーン：アズキチェーン\n長さ：全長42ｃｍ（40cm部分と38cm部分にアジャスター環付き・3段階調整が可能）\n太さ：約0.9ｍｍ\n\nジュエリーキャッスル店内にて「これも使ってみたい」というアイテムがございましたらリクエストください。','https://stat.amebaad.jp/ad/specialselect/amebapick/todo.png',2,'ご希望のアイテムとカラーをお選びください。\n【アイテム】\n①ベゼル一粒ネックレス\n②両吊り一粒ネックレス\n③トソリティアネックレス（両吊りタイプ）0.3カラット\n④トソリティアネックレス（両吊りタイプ）0.5カラット\n⑤トソリティアネックレス（両吊りタイプ）0.1カラット\n【カラー】\n・プラチナ仕上\n・ゴールド仕上','　','・ご自身で撮影した写真を、1枚以上ブログに掲載してください。\n・商品やサービスについての感想や紹介を、最低3文以上を目安に掲載してください。\n・ハッシュタグに、必ず「#PR」をつけて投稿してください。\n・Ameba Pickのお知らせに発送通知が届いてから3週間以内に投稿を行ってください。\n・投稿した記事は、最低1年以上公開し、記事の削除はお控えください。\n\n※上記が守られない場合、報酬が反映されない、今後のスペシャルセレクト利用をお断りさせていただく場合がございます。','首元にさり気なくて、でもしっかりと美しく輝くモアサナイトネックレス',1,'【オープン】ジュエリーキャッスル　ネックレス_202206','2022-06-23 18:39:20','oidc|Perman|S15630','2022-06-24 17:55:44','oidc|Perman|S13797'),
	('MCAfyFfd7JcZOfV8eXvX12','47630','','',1,20,0,'2022-06-24 12:00:00','2022-12-31 23:59:59','1,980円（税込）※定期初回限定価格',NULL,8500,NULL,NULL,NULL,NULL,NULL,0,NULL,0,'2020年3月30日に発売開始したCOCOROOT（ココルート） は等身大で日々を生きる女性の\n心とからだに寄り添うフェムケアブランドです。\n第一弾として発売したのが、ゆらぎと向き合うサプリメント「CALMING（カーミング）」\n1年のうちたった48時間しか咲かない希少なハーブ・サフランを贅沢に30㎎と、ヨーロッパを中心に女性に支持されてきた西洋ハーブのチェストツリーも30㎎配合。\nゆらぎに悩む女性に大切な栄養素を配合した産婦人科医監修のサプリメントです。女性の毎月を穏やかにサポートします。\n徹底した品質管理、GMP認証を取得した国内工場で生産。\n国内GMP認定工場にて生産し、法規で定められた以上の自社独自の厳しいチェックを繰り返し、品質保証・安全管理を徹底しています。\n\n〈Ameba限定〉定期初回1,980円（税込）！（2回目以降3,980円（税込））　※送料無料　※いつでもお休み・解約が可能\n※定期コースのお休み・解約・お届け日の変更はマイアカウントよりお手続きいただけます。\nお休み・解約をご希望の場合は、次回お届け予定日の10日前までにお手続きをお願いいたします。','https://stat.amebaad.jp/ad/specialselect/amebapick/todo.png',2,'過去このサービス（商品）を利用したことがありますか？\nはい/いいえで教えてください。（※過去に利用したことがある場合でも、申込みが可能です。）','　','・ご自身で撮影した写真を、1枚以上ブログに掲載してください。\n・商品やサービスについての感想や紹介を、最低3文以上を目安に掲載してください。\n・ハッシュタグに、必ず「#PR」をつけて投稿してください。\n・Ameba Pickのお知らせに発送通知が届いてから3週間以内に投稿を行ってください。\n・投稿した記事は、最低1年以上公開し、記事の削除はお控えください。\n\n※上記が守られない場合、報酬が反映されない、今後のスペシャルセレクト利用をお断りさせていただく場合がございます。','産婦人科医監修。ゆらぎと向き合うサプリメント「CALMING（カーミング）」',1,'【手動】COCOROOT/CALMING_202206','2022-06-24 09:37:26','oidc|Perman|S09477','2022-06-24 17:53:38','oidc|Perman|S13797'),
	('MPUPMwX2Hb7tSKLUunzSN6','45315','','',1,NULL,0,'2022-06-24 12:00:00','2022-12-31 23:59:59','1,800円（税込）※初回限定',NULL,2125,NULL,NULL,4900,'2022-12-31 23:59:59','2022-12-31 23:59:59',0,NULL,0,'＜製品特徴＞\n大人気エイジングケア※がシワ改善機能をプラスしてパワーアップ。\n毎日のスキンケアで気になるシワを改善し、ふっくらハリに満ちた肌に整えます。\n今あるシワはもちろん、年齢サインが気になる目もと・口もとの表情シワにもアプローチし、\n弾力に満ちたハリ肌へ導きます。\n※エイジングケア=「年齢に応じたケア」を指します\n\n◆シワ改善有効成分で角質層までアプローチ\n・有効成分ナイアシンアミドが角質層に働きかけ、コラーゲンを産生しシワを改善。\n\n◆トリプルハリ肌成分がコラーゲンを産生して肌を満たす\n・「新鮮さ」「質」に加えて「スピード」にもこだわったトリプルケアで、\n　より素早く、質の良いコラーゲンを肌を満たします。\n・肌全体のハリ感をアップ。\n\n◆ダメージを受ける前と後に。肌本来の美しさを引き出す力がアップ\n・シソ葉エキスを新配合うるおいで乾燥や摩擦などの刺激から肌を守り、ストレスに負けない強い肌へ。','https://stat.amebaad.jp/ad/specialselect/amebapick/todo.png',2,'過去このサービス（商品）を利用したことがありますか？\nはい/いいえで教えてください。（※過去に利用したことがある場合でも、申込みが可能です。）','提携前に必ずご一読ください。\nリスティング出稿は禁止しております。\n無添加ワードを使う場合は、防腐剤・香料・合成色素・石油系界面活性剤・紫外線吸収剤を使っていない旨明記。\nその他、禁止事項は当ページに記載の項目をご確認ください。\n\n不正、及び禁止事項を行った媒体\n薬機法に抵触する可能性がある媒体\nその他、公序良俗に反する媒体\n上記媒体は提携解除とします\n\n■広告掲載における注意事項\n広告掲載の際は下記URLを必ず、ご確認頂き、\nガイドラインに沿った掲載をお願い致します。\n▼URL\n・ファンケル広告のガイドライン\nhttps://stat.amebaad.jp/ad/amebapick/fancl/cosme_202005.pdf\n\n※ガイドラインに則してないと判断した場合は、修正及び提携解除の対象となりますのでご注意下さいませ。\n健全な広告運用へのご協力をお願い申し上げます。','・ご自身で撮影した写真を、1枚以上ブログに掲載してください。\n・商品やサービスについての感想や紹介を、最低3文以上を目安に掲載してください。\n・ハッシュタグに、必ず「#PR」をつけて投稿してください。\n・Ameba Pickのお知らせに発送通知が届いてから3週間以内に投稿を行ってください。\n・投稿した記事は、最低1年以上公開し、記事の削除はお控えください。\n\n※上記が守られない場合、報酬が反映されない、今後のスペシャルセレクト利用をお断りさせていただく場合がございます。','毎日のスキンケアでシワ改善、ファンケルのエンリッチプラス誕生',1,'【手動】エンリッチプラスシワ改善1ヵ月集中セット【美容液・酵素洗顔付き】_202206','2022-06-24 12:31:53','oidc|Perman|S17673','2022-06-24 19:15:26','oidc|Perman|S09477'),
	('MQ3TSPIDYtRpqwYMorU8N2','44988','N1-0868','',2,NULL,0,'2022-06-24 12:00:00','2022-12-31 23:59:59','※削除※12,980円（税込）',22,NULL,NULL,NULL,NULL,NULL,NULL,0,NULL,1,'※削除※ベーシックで存在感のあるゴールドのチェーンのネックレスです。\n普通に一連ネックレスとして着ける以外に、留め具部分を前に持ってきてチェーンを垂らしてY字に着けるのも素敵・・・お手持ちのチャームを通してもお使い頂けます（チャームの形状によります）。\nベーシックで上質なネックレスがお顔周りにあるとコーデがぐっと格上げされます。','※削除※.申込後、Ameba Pickお知らせでご連絡させていただく指定のリンクより、ご自身で対象アイテムをご購入\n2.購入証明（注文番号）をgoogleフォームにてご回答（必要な場合のみ）\n3.アイテムを実際に体験いただき、Ameba Pickの機能を使って対象アイテムの紹介記事を執筆・ご投稿\n\n※アイテムのご購入代金は、弊社にて負担させていただきます。\n※ご購入代金は、後日ドットマネー（https://d-money.jp/ ）にて付与させていただきます。\n※Ameba Pickについてはこちら(https://content.ameba.jp/ameba_pick/start/ )をご確認ください。\n※商品に関するwebページへの転載・広告バナーでの2次利用に対するご同意をお願いいたします。なお、2次利用が発生する場合は、事前に確認のご連絡をさせていただきます。\n※過去に本アイテムをお取り寄せいただいたことがある場合、前回の記事と同じものを使いまわすのはお控えください。\n発覚した際は報酬をお支払いできない場合がございます。',1,'※削除※過去このサービス（商品）を利用したことがありますか？\nはい/いいえで教えてください。（※過去に利用したことがある場合でも、申込みが可能です。）','※削除※※商品ページに記載の「ブロガーやーっこさん」に関する記述及び画像の使用を禁止とする。','※削除※・ご自身で撮影した写真を、1枚以上ブログに掲載してください。\n・商品やサービスについての感想や紹介を、最低3文以上を目安に掲載してください。\n・ハッシュタグに、必ず「#PR」をつけて投稿してください。\n・Ameba Pickのお知らせに発送通知が届いてから3週間以内に投稿を行ってください。\n・投稿した記事は、最低1年以上公開し、記事の削除はお控えください。\n\n※上記が守られない場合、報酬が反映されない、今後のスペシャルセレクト利用をお断りさせていただく場合がございます。','※削除※ベーシックで存在感のあるゴールドのチェーンのネックレス',1,'※削除※【不要】マイベーシックゴールドネックレス(40cm・60cm・75cm/14金GF)','2022-06-24 16:18:56','oidc|Perman|S10093','2022-06-24 21:00:59','oidc|Perman|S09477'),
	('pPuSraBWumVYizdLFGWRN6','47286','','',2,NULL,0,'2022-06-24 12:00:00','2022-12-31 23:59:59','①11,000円（税込）、②17,050円（税込）、③11,000円（税込）',15,NULL,NULL,NULL,NULL,NULL,NULL,1,'10％オフクーポン',1,'①EVER BRILLIANCE / 0.3カラット 6爪ソリティアリング【tf6839r】      \nシンプルで品のある作りが好評の0.3カラット一粒リング。長く愛される6本爪で普段使いしやすい高さを抑えたデザインです。\n【商品URL】https://www.jewelrycastle.jp/view/item/000000000376  \n【販売価格】11,000円（税込）\n【商品詳細】\n・ストーン：EVER BRILLIANCEカットジルコニア 0.3カラット（4.5mm・ラウンドブリリアントカット）\nEVER BRILLIANCEカットにつきましてはこちらでご確認いただけます。\nhttps://www.jewelrycastle.jp/view/page/everbrilliancecut\n・素材：シルバー925にプラチナ又は18金仕上※2カラー\n　　　　リングサイズ：6号~15号（1号刻み）\n\n程よいサイズ感で、デイリーから手先に美しい輝きの色どりを添える飽きのこないシンプルな一粒リング♪\n流行り廃りのない６本爪のデザインを高さを抑えた普段使いにもとっても使いやすいデザインにてお作りいたしました。\nストーンには、4.5mm（0.3カラット相当）のEVER BRILLIANCEカットジルコニアを使用しておりますので、上質なダイヤモンドに近い輝きをいつでもお楽しみいただけます。\n\n②EVER BRILLIANCE / クロスラインハーフエタニティーリング【tf633r】\nクロスしたデザインが指を細く・長く見せる嬉しい効果があり、ハーフエタニティーのシンプルエレガントな雰囲気も醸し出すリングです。\n【商品URL】https://www.jewelrycastle.jp/view/item/000000000031\n【販売価格】17,050円（税込）\n【商品詳細】\nストーン：EVER BRILLIANCEカットジルコニア トータルカラット：0.21カラット\n素材：シルバー925にプラチナ又は18金仕上※2カラー\nリングサイズ：6号~18号（1号刻み）\n\n緩やかにカーブを描いた２本のラインがクロスする高いデザイン性と、程よいボリューム感が人気の、デザイナーズリング。１４石の光り輝くEVER BRILLIANCEカットジルコニアがさり気ないゴージャス感もアピールいたします。\n\n③EVER BRILLIANCE / 流線型が美しい 0.3カラットデザイナーズリング【tf6890r】\n爪を使わない石留めが日常使いで引っ掛かりなどがなく使いやすい一粒のシンプルなリングです。       \n【商品URL】https://www.jewelrycastle.jp/view/item/000000000023  \n【販売価格】11,000円（税込）\n【商品詳細】\nストーン：EVER BRILLIANCEカットジルコニア 0.3カラット（4.5mm・ラウンドブリリアントカット）\n素材：シルバー925にプラチナ又は18金仕上※2カラー\nリングサイズ：6号~15号（1号刻み）\n\n日常のあらゆる装いにも特別な装いにもすっと馴染む緩やかな美しい流れの中に上質な輝き♪\n0.3ct(4.5mm)のEVER BRILLIANCEカットジルコニアが手元に彩りを添えるシンプルなデザイナーズリング。','1.申込後、Ameba Pickお知らせでご連絡させていただく専用クーポンコードを使い、ご自身で対象アイテムをご購入\n2.アイテムを実際に体験いただき、Ameba Pickの機能を使って対象アイテムの紹介記事を執筆・ご投稿\n\n※クーポンコードの金額を超えるご注文はご自身でご負担いただきます。\n※Ameba Pickについてはこちら(https://content.ameba.jp/ameba_pick/start/ )をご確認ください。\n※商品に関するwebページへの転載・広告バナーでの2次利用に対するご同意をお願いいたします。なお、2次利用が発生する場合は、事前に確認のご連絡をさせていただきます。\n※過去に本アイテムをお取り寄せいただいたことがある場合、前回の記事と同じものを使いまわすのはお控えください。\n発覚した際は報酬をお支払いできない場合がございます。',1,'サンプリング希望のアイテム、カラー、サイズをお選びいただき、下記フォームよりご回答ください。\n※サイズは1号刻み\n①0.3カラット6爪ソリティアリング      \nカラー：プラチナ/ゴールド\nサイズ：6~15号\n② クロスラインハーフエタニティーリング\nカラー：プラチナ/ゴールド\nサイズ：6~18号\n③流線型が美しい0.3カラットデザイナーズリング\nカラー：プラチナ/ゴールド\nサイズ：6~15号',NULL,'・ご自身で撮影した写真を、1枚以上ブログに掲載してください。\n・商品やサービスについての感想や紹介を、最低3文以上を目安に掲載してください。\n・ハッシュタグに、必ず「#PR」をつけて投稿してください。\n・Ameba Pickのお知らせに発送通知が届いてから3週間以内に投稿を行ってください。\n・投稿した記事は、最低1年以上公開し、記事の削除はお控えください。\n\n※上記が守られない場合、報酬が反映されない、今後のスペシャルセレクト利用をお断りさせていただく場合がございます。','理想的に輝くダイヤモンドと同様の精密なカットが施されたジュエリーキャッスルオリジナルのリングです。',1,'※削除※【オープン】ジュエリーキャッスル　リング_202206','2022-06-24 17:47:57','oidc|Perman|S17673','2022-06-24 20:55:28','oidc|Perman|S09477'),
	('qgG17blKoGDQ0sDMVTs1b3','44570','','',1,NULL,0,'2022-06-24 12:00:00','2022-12-31 23:59:59','7日分モニター初回：０円、定期便初回半額：2,090円（税込）',NULL,700,NULL,NULL,1800,'2022-12-31 23:59:59','2022-12-31 23:59:59',0,NULL,0,'正式商品名…マナラ　ホットクレンジングゲルマッサージプラス\n料金…7日分モニター初回：０円、定期便初回半額：2,090円（税込）(送料無料)\n発売日…常時（2021年3月にリニューアルを行いました。）\n商品特徴…リニューアルを行い、従来の効能に加えて、メイク落としをしながらマッサージができるようにパワーアップいたしました。\n７日分無料モニターをお願いできる方にアンケートにご回答いただいております。ページを進むと、今回限定の半額で本品を購入できるオファーがございます。','https://stat.amebaad.jp/ad/specialselect/amebapick/todo.png',2,'過去このサービス（商品）を利用したことがありますか？\nはい/いいえで教えてください。（※過去に利用したことがある場合でも、申込みが可能です。）','・即定期のバナーの掲載はお控えください。\n・競合美容商材の記載はブログ記事内で控えてください。\n・薬事法に抵触するような記述は避けてください。','・ご自身で撮影した写真を、1枚以上ブログに掲載してください。\n・商品やサービスについての感想や紹介を、最低3文以上を目安に掲載してください。\n・ハッシュタグに、必ず「#PR」をつけて投稿してください。\n・Ameba Pickのお知らせに発送通知が届いてから3週間以内に投稿を行ってください。\n・投稿した記事は、最低1年以上公開し、記事の削除はお控えください。\n\n※上記が守られない場合、報酬が反映されない、今後のスペシャルセレクト利用をお断りさせていただく場合がございます。','無料で試せて肌にやさしい、マナラホットクレンジングゲル',1,'【手動】マナラホットクレンジングゲル　リニューアルモニターキャンペーン_202206','2022-06-24 09:59:30','oidc|Perman|S09477','2022-06-24 18:56:30','oidc|Perman|S13797'),
	('tYh2AwhJkmi6BYptEJEJo2','44988','U1-0971G-01','',1,NULL,0,'2022-06-24 12:00:00','2022-12-31 23:59:59','4,600円（税込）',22,NULL,NULL,NULL,NULL,NULL,NULL,0,NULL,1,'大人気のリングをさらに素敵にリニューアル！\n3つの連なるパールが華やかで手元映えするリング。パールは本物みたいなツヤのあるパールにこだわっています。\nふだん本物パールリングをつけるにはドキドキしてしまう。けれどチープな物は身につけたくない。\nそんな思いをしっかり叶えるリングなんです。フリーサイズなので、その日の気分で人差し指につけたり中指につけたり、気軽にリングを楽しめます。\nリング人気NO.1の「スリーパールリング」を、「もっと素敵にしたい！」という思いでデザインをリニューアル。前バージョンの良さを生かしつつ新しく生まれ変わりました。\n\nサイズ        パール直径7mm／フリーサイズ（11号程度）\n素材        ガラスパール／真鍮／ゴールドメッキ\n重さ        2.1g','1.申込後、Ameba Pickお知らせでご連絡させていただく専用クーポンコードを使い、ご自身で対象アイテムをご購入\n2.アイテムを実際に体験いただき、Ameba Pickの機能を使って対象アイテムの紹介記事を執筆・ご投稿\n\n※クーポンコードの金額を超えるご注文はご自身でご負担いただきます。\n※Ameba Pickについてはこちら(https://content.ameba.jp/ameba_pick/start/ )をご確認ください。\n※商品に関するwebページへの転載・広告バナーでの2次利用に対するご同意をお願いいたします。なお、2次利用が発生する場合は、事前に確認のご連絡をさせていただきます。\n※過去に本アイテムをお取り寄せいただいたことがある場合、前回の記事と同じものを使いまわすのはお控えください。\n発覚した際は報酬をお支払いできない場合がございます。',1,'過去このサービス（商品）を利用したことがありますか？\nはい/いいえで教えてください。（※過去に利用したことがある場合でも、申込みが可能です。）',NULL,'・ご自身で撮影した写真を、1枚以上ブログに掲載してください。\n・商品やサービスについての感想や紹介を、最低3文以上を目安に掲載してください。\n・ハッシュタグに、必ず「#PR」をつけて投稿してください。\n・Ameba Pickのお知らせに発送通知が届いてから3週間以内に投稿を行ってください。\n・投稿した記事は、最低1年以上公開し、記事の削除はお控えください。\n\n※上記が守られない場合、報酬が反映されない、今後のスペシャルセレクト利用をお断りさせていただく場合がございます。','3つの連なるツヤのある上質ガラスパールが華やかで手元映えするリング。',1,'【オープン】【Un】スリーパールリング（ゴールド/シルバー）フリーサイズ_202206','2022-06-24 16:52:33','oidc|Perman|S17673','2022-06-27 07:29:15','oidc|Perman|S16440'),
	('WEzFhgdvPVFeCRTUZ9Nwk4','47286','','',1,NULL,0,'2022-06-24 12:00:00','2022-12-31 23:59:59','①11,000円（税込）、②17,050円（税込）、③11,000円（税込）',15,NULL,NULL,NULL,NULL,NULL,NULL,1,'10％オフクーポン',1,'①EVER BRILLIANCE / 0.3カラット 6爪ソリティアリング【tf6839r】      \nシンプルで品のある作りが好評の0.3カラット一粒リング。長く愛される6本爪で普段使いしやすい高さを抑えたデザインです。\n【商品URL】https://www.jewelrycastle.jp/view/item/000000000376  \n【販売価格】11,000円（税込）\n【商品詳細】\n・ストーン：EVER BRILLIANCEカットジルコニア 0.3カラット（4.5mm・ラウンドブリリアントカット）\nEVER BRILLIANCEカットにつきましてはこちらでご確認いただけます。\nhttps://www.jewelrycastle.jp/view/page/everbrilliancecut\n・素材：シルバー925にプラチナ又は18金仕上※2カラー\n　　　　リングサイズ：6号~15号（1号刻み）\n\n程よいサイズ感で、デイリーから手先に美しい輝きの色どりを添える飽きのこないシンプルな一粒リング♪\n流行り廃りのない６本爪のデザインを高さを抑えた普段使いにもとっても使いやすいデザインにてお作りいたしました。\nストーンには、4.5mm（0.3カラット相当）のEVER BRILLIANCEカットジルコニアを使用しておりますので、上質なダイヤモンドに近い輝きをいつでもお楽しみいただけます。\n\n②EVER BRILLIANCE / クロスラインハーフエタニティーリング【tf633r】\nクロスしたデザインが指を細く・長く見せる嬉しい効果があり、ハーフエタニティーのシンプルエレガントな雰囲気も醸し出すリングです。\n【商品URL】https://www.jewelrycastle.jp/view/item/000000000031\n【販売価格】17,050円（税込）\n【商品詳細】\nストーン：EVER BRILLIANCEカットジルコニア トータルカラット：0.21カラット\n素材：シルバー925にプラチナ又は18金仕上※2カラー\nリングサイズ：6号~18号（1号刻み）\n\n緩やかにカーブを描いた２本のラインがクロスする高いデザイン性と、程よいボリューム感が人気の、デザイナーズリング。１４石の光り輝くEVER BRILLIANCEカットジルコニアがさり気ないゴージャス感もアピールいたします。\n\n③EVER BRILLIANCE / 流線型が美しい 0.3カラットデザイナーズリング【tf6890r】\n爪を使わない石留めが日常使いで引っ掛かりなどがなく使いやすい一粒のシンプルなリングです。       \n【商品URL】https://www.jewelrycastle.jp/view/item/000000000023  \n【販売価格】11,000円（税込）\n【商品詳細】\nストーン：EVER BRILLIANCEカットジルコニア 0.3カラット（4.5mm・ラウンドブリリアントカット）\n素材：シルバー925にプラチナ又は18金仕上※2カラー\nリングサイズ：6号~15号（1号刻み）\n\n日常のあらゆる装いにも特別な装いにもすっと馴染む緩やかな美しい流れの中に上質な輝き♪\n0.3ct(4.5mm)のEVER BRILLIANCEカットジルコニアが手元に彩りを添えるシンプルなデザイナーズリング。\n\nジュエリーキャッスル店内にて「これも使ってみたい」というアイテムがございましたらリクエストください。','https://stat.amebaad.jp/ad/specialselect/amebapick/todo.png',2,'サンプリング希望のアイテム、カラー、サイズをお選びいただき、下記フォームよりご回答ください。\n※サイズは1号刻み\n①0.3カラット6爪ソリティアリング      \nカラー：プラチナ/ゴールド\nサイズ：6~15号\n② クロスラインハーフエタニティーリング\nカラー：プラチナ/ゴールド\nサイズ：6~18号\n③流線型が美しい0.3カラットデザイナーズリング\nカラー：プラチナ/ゴールド\nサイズ：6~15号',NULL,'・ご自身で撮影した写真を、1枚以上ブログに掲載してください。\n・商品やサービスについての感想や紹介を、最低3文以上を目安に掲載してください。\n・ハッシュタグに、必ず「#PR」をつけて投稿してください。\n・Ameba Pickのお知らせに発送通知が届いてから3週間以内に投稿を行ってください。\n・投稿した記事は、最低1年以上公開し、記事の削除はお控えください。\n\n※上記が守られない場合、報酬が反映されない、今後のスペシャルセレクト利用をお断りさせていただく場合がございます。','理想的に輝くダイヤモンドと同様の精密なカットが施されたジュエリーキャッスルオリジナルのリングです。',1,'【オープン】ジュエリーキャッスル　リング_202206','2022-06-24 17:48:39','oidc|Perman|S17673','2022-06-24 20:36:18','oidc|Perman|S09477'),
	('wezm4nbhCkp0kEYgc0Vjk2','47286','','',1,NULL,0,'2022-06-24 12:00:00','2022-12-31 23:59:59','8,085円（税込）',15,NULL,NULL,NULL,NULL,NULL,NULL,1,'10％オフクーポン',1,'着けるシーンを選ばないモダンで丸みが可愛らしいフープピアスです。\nカチッとピアスポストを差し込む中折れ式のフープで、マスクにも引っかからず、着け外しもとっても簡単です。\n程よい存在感で、丸みのあるフォルムが女性らしいときめきポイント♪\nカラーは清楚やクールな女性を演出できるプラチナ仕上げと、華やかで優しい雰囲気を醸し出すイエローゴールド仕上の２タイプからお選びいただけます。\n\n【販売価格】￥8,085\n【発売情報】現在販売中\n【商品詳細】\n\n素材：シルバー925にプラチナ又は18金仕上※2カラー\nサイズ：モチーフの大きさ：約（タテ・ヨコ）14mm×7mm（厚さ）\nフープの大きさ：（タテ・ヨコ）約14mm　内径約11mm\nポスト：太さ約0.8mm','https://stat.amebaad.jp/ad/specialselect/amebapick/todo.png',2,'過去このサービス（商品）を利用したことがありますか？\nはい/いいえで教えてください。（※過去に利用したことがある場合でも、申込みが可能です。）',NULL,'・ご自身で撮影した写真を、1枚以上ブログに掲載してください。\n・商品やサービスについての感想や紹介を、最低3文以上を目安に掲載してください。\n・ハッシュタグに、必ず「#PR」をつけて投稿してください。\n・Ameba Pickのお知らせに発送通知が届いてから3週間以内に投稿を行ってください。\n・投稿した記事は、最低1年以上公開し、記事の削除はお控えください。\n\n※上記が守られない場合、報酬が反映されない、今後のスペシャルセレクト利用をお断りさせていただく場合がございます。','「品があって」「大人かわいい」シンプルの中にこだわったデザインの中折れフープ',1,'【オープン】シルバー925 中折れフープ スモールドームフープピアス【tf9548e】_202206','2022-06-23 19:01:01','oidc|Perman|S13797','2022-06-24 18:04:28','oidc|Perman|S13797'),
	('xKC5lJabxw0pekV82moys2','44988','U1-1155','',1,NULL,0,'2022-06-24 12:00:00','2022-12-31 23:59:59','6,800円（税込）',22,NULL,NULL,NULL,NULL,NULL,NULL,0,NULL,1,'「UNIQLOコーディネート日記」で有名なAmeba公式トップブロガーのHanaさんとのコラボアイテムです。\n累計販売1500本以上の大人気ネックレス。テーマは「Love Yourself 」\nこのテーマには「ママが自分を大切にする！育児や家事でいつも大変なママたちに自分のことも愛して欲しい！幸せを選んで欲しい！」と願うHanaさんの思いが込められています。Hanaさんとレスブリスからの〜Love Yourself〜の思いをコラボアクセサリーを通じて感じていただけたら嬉しいです！\n\nサイズ        ・チェーン：約60cm\n・アジャスター：6cm\n・チャーム：縦約24mm／横約24.6mm\n素材        真鍮／18金メッキ／シルバーカラーメッキ\n重さ        約14.6g','1.申込後、Ameba Pickお知らせでご連絡させていただく専用クーポンコードを使い、ご自身で対象アイテムをご購入\n2.アイテムを実際に体験いただき、Ameba Pickの機能を使って対象アイテムの紹介記事を執筆・ご投稿\n\n※クーポンコードの金額を超えるご注文はご自身でご負担いただきます。\n※Ameba Pickについてはこちら(https://content.ameba.jp/ameba_pick/start/ )をご確認ください。\n※商品に関するwebページへの転載・広告バナーでの2次利用に対するご同意をお願いいたします。なお、2次利用が発生する場合は、事前に確認のご連絡をさせていただきます。\n※過去に本アイテムをお取り寄せいただいたことがある場合、前回の記事と同じものを使いまわすのはお控えください。\n発覚した際は報酬をお支払いできない場合がございます。',1,'過去このサービス（商品）を利用したことがありますか？\nはい/いいえで教えてください。（※過去に利用したことがある場合でも、申込みが可能です。）','　','・ご自身で撮影した写真を、1枚以上ブログに掲載してください。\n・商品やサービスについての感想や紹介を、最低3文以上を目安に掲載してください。\n・ハッシュタグに、必ず「#PR」をつけて投稿してください。\n・Ameba Pickのお知らせに発送通知が届いてから3週間以内に投稿を行ってください。\n・投稿した記事は、最低1年以上公開し、記事の削除はお控えください。\n\n※上記が守られない場合、報酬が反映されない、今後のスペシャルセレクト利用をお断りさせていただく場合がございます。','AmebaトップブロガーHanaさんとのコラボアイテムの大人気ネックレス',1,'【オープン】ホースシューネックレス〜Love Yourself〜（ゴールド・シルバー）_202206','2022-06-24 16:12:38','oidc|Perman|S17673','2022-06-27 07:34:44','oidc|Perman|S16440'),
	('yrtRRBDJCskXQkna2IfzL6','44572','','',1,NULL,0,'2022-06-24 12:00:00','2022-12-31 23:59:59','2,420円（税込）',NULL,1186,NULL,NULL,1739,'2022-12-31 23:59:59','2022-12-31 23:59:59',0,NULL,0,'■商品内容\n2021年9月15日発売開始\nパーフェクトキット（メイク約14日分）\n[ファンデーション＋下地（パウダー）＋下地（ベスコス受賞※1）＋カブキブラシ＋新商品化粧水＋新商品保湿美容液＋クリーム＋美白※2美容液]\n 初回限定・送料無料 2,420円（税込）\n※1　リンネルベストコスメ対象2020　ベースメイク部門＜下地＞第1位\n※2　メラニンの生成を抑え、日焼けによるシミやそばかすを防ぐ','https://stat.amebaad.jp/ad/specialselect/amebapick/todo.png',2,'過去このサービス（商品）を利用したことがありますか？\nはい/いいえで教えてください。（※過去に利用したことがある場合でも、申込みが可能です。）','　','・ご自身で撮影した写真を、1枚以上ブログに掲載してください。\n・商品やサービスについての感想や紹介を、最低3文以上を目安に掲載してください。\n・ハッシュタグに、必ず「#PR」をつけて投稿してください。\n・Ameba Pickのお知らせに発送通知が届いてから3週間以内に投稿を行ってください。\n・投稿した記事は、最低1年以上公開し、記事の削除はお控えください。\n\n※上記が守られない場合、報酬が反映されない、今後のスペシャルセレクト利用をお断りさせていただく場合がございます。','紫外線による肌負担に　うるおい守りナチュラルにカバーするファンデーション',1,'【手動】ETVOS　ミネラルファンデーション　パーフェクトキット_202206','2022-06-23 17:01:19','oidc|Perman|S09477','2022-06-24 17:56:32','oidc|Perman|S13797'),
	('z6gzeE5p7qdhu8FJTn7rH1','46192','','',1,NULL,0,'2022-06-24 12:00:00','2022-12-31 23:59:59','無料',NULL,675,NULL,NULL,NULL,NULL,NULL,0,NULL,1,'ディズニー英語システムの無料サンプルは「無料なのにこんなにもらっていいの？」と感じるくらい充実したラインナップです。サンプルDVDにサンプルCD、歌の絵本、Wチャンスで「お風呂でABCポスター」も付いてきます！\n子どもが気に入ってくれるかどうかって実際使ってみないとわからないですし、こうして試すことができるのって、親としては本当に安心ですよね。\nハーバード大学修士の言語学と言語教育の権威、アン・R・ダウ氏らにより、言語学はもちろん子どもの発達心理学も研究して開発されたディズニー英語システムをまずは無料サンプルでお試しください。\nさらに、お風呂が楽しくなるポスターのプレゼントまでついていて絶対お得です。\nぜひ、この機会に応募してみてください！','https://stat.amebaad.jp/ad/specialselect/amebapick/todo.png',2,'サンプリング希望の商品を下記4種類からお選びいただき、下記フォームよりご回答ください。\n①0歳児用\n②1歳児用\n③2~3歳児用\n④4歳児用','ワールド・ファミリー　→　「・(ナカグロ)」必須\nDWE　→ ディズニー英語システムの略。大文字表記:Disney World of English\n\n■その他1 ＜DWEと結びつけて英語の文言を使用する際の留意点＞\nDWEは、お勉強、学習という固いイメージではなく、楽しく自然なかたちで英語を身につけられることを訴求したいため、DWEと英語の文言を結びつける場合は、「英語を学ぶ」「英語を学習する」等の表現ではなく、\n「英語を習得する」「英語を身につける」等の表現を用いるようにしてください。\n\n■その他2 ＜無料サンプルプレゼントに関する表記の留意点①＞\n無料サンプルは希望した方がもらえるものですが、再請求（以前すでにサンプルをもらったことがある）の場合には、原則、無料サンプルはもらえません。（無料サンプル告知部分では、本内容に関する※注記を常時表記しています）そのため、「誰でも全員がもらえる」といった誤認を避けるために、下記例のような表記としてください。\nex.)\n○　希望された方に無料サンプルをプレゼント！\n×　無料サンプルを全員プレゼント！\n×　希望された方全員に無料サンプルをプレゼント！','・ご自身で撮影した写真を、1枚以上ブログに掲載してください。\n・商品やサービスについての感想や紹介を、最低3文以上を目安に掲載してください。\n・ハッシュタグに、必ず「#PR」をつけて投稿してください。\n・Ameba Pickのお知らせに発送通知が届いてから3週間以内に投稿を行ってください。\n・投稿した記事は、最低1年以上公開し、記事の削除はお控えください。\n\n※上記が守られない場合、報酬が反映されない、今後のスペシャルセレクト利用をお断りさせていただく場合がございます。','子どもに「一生ものの英語力」を！ディズニー英語システムの無料サンプルをプレゼント！',1,'【手動】ディズニー英語システム_202206','2022-06-23 13:13:53','oidc|Perman|S09477','2022-06-24 17:57:03','oidc|Perman|S13797');

/*!40000 ALTER TABLE `item` ENABLE KEYS */;
UNLOCK TABLES;


# テーブルのダンプ item_category_rel
# ------------------------------------------------------------

LOCK TABLES `item_category_rel` WRITE;
/*!40000 ALTER TABLE `item_category_rel` DISABLE KEYS */;

INSERT INTO `item_category_rel` (`item_id`, `category_id`, `priority`, `created_at`, `created_by`, `updated_at`, `updated_by`)
VALUES
	('0zMl1VZVvhN5zfhyO6PGI2','R7jFgT6ppfkUBQqZr2C1q6',3,'2022-06-24 17:48:02','oidc|Perman|S13797','2022-06-24 17:48:02','oidc|Perman|S13797'),
	('1pvwsLfDxcqc7eyAUEdtn5','R7jFgT6ppfkUBQqZr2C1q6',3,'2022-06-24 19:13:34','oidc|Perman|S16440','2022-06-24 19:13:34','oidc|Perman|S16440'),
	('2NpDmsCTvw8IhD9UTTjazG','ugqqy2U2ry8qdGsZ1va182',2,'2022-06-24 20:56:21','oidc|Perman|S09477','2022-06-24 20:56:21','oidc|Perman|S09477'),
	('3zqwHvwGJvv9T1ul9vOSO5','ugqqy2U2ry8qdGsZ1va182',2,'2022-06-27 07:33:18','oidc|Perman|S16440','2022-06-27 07:33:18','oidc|Perman|S16440'),
	('5i33RQH0SaDVE8IMxyQTn7','ugqqy2U2ry8qdGsZ1va182',2,'2022-06-27 07:31:03','oidc|Perman|S16440','2022-06-27 07:31:03','oidc|Perman|S16440'),
	('6LcMRX95YtohLdF89mOyR1','R7jFgT6ppfkUBQqZr2C1q6',3,'2022-06-24 18:59:14','oidc|Perman|S09477','2022-06-24 18:59:14','oidc|Perman|S09477'),
	('86SXS5wwAvKrvqW2WVX4I4','R7jFgT6ppfkUBQqZr2C1q6',3,'2022-06-23 17:49:26','oidc|Perman|S09477','2022-06-23 17:49:26','oidc|Perman|S09477'),
	('8iJl61mqaDHU1C3bTVoXK7','ugqqy2U2ry8qdGsZ1va182',2,'2022-06-27 07:36:26','oidc|Perman|S16440','2022-06-27 07:36:26','oidc|Perman|S16440'),
	('8YMAHpOUyyp1CtaRqJ9Ks6','R7jFgT6ppfkUBQqZr2C1q6',3,'2022-06-24 20:11:45','oidc|Perman|S09477','2022-06-24 20:11:45','oidc|Perman|S09477'),
	('a3umMEt2xYMPxBm0YzB6b5','R7jFgT6ppfkUBQqZr2C1q6',3,'2022-06-24 18:09:05','oidc|Perman|S09477','2022-06-24 18:09:05','oidc|Perman|S09477'),
	('aO7HawIVconoqdqNbc3qV1','ugqqy2U2ry8qdGsZ1va182',2,'2022-06-27 07:31:49','oidc|Perman|S16440','2022-06-27 07:31:49','oidc|Perman|S16440'),
	('armGWzPFzGCM20DW3VpzW3','R7jFgT6ppfkUBQqZr2C1q6',3,'2022-06-24 17:55:26','oidc|Perman|S13797','2022-06-24 17:55:26','oidc|Perman|S13797'),
	('b0Dwq4dLQ6RUj5hSlGWsB2','R7jFgT6ppfkUBQqZr2C1q6',3,'2022-06-24 20:59:19','oidc|Perman|S17673','2022-06-24 20:59:19','oidc|Perman|S17673'),
	('BjLpCFnPhWGhm3WSbLB222','ugqqy2U2ry8qdGsZ1va182',2,'2022-06-27 07:34:06','oidc|Perman|S16440','2022-06-27 07:34:06','oidc|Perman|S16440'),
	('bkLYmILtlGyUJbOgmPVSC1','HAXgDUqmlqQfB7Atjiuyw6',6,'2022-06-27 07:23:40','oidc|Perman|S16440','2022-06-27 07:23:40','oidc|Perman|S16440'),
	('cBZVr8lCLqtEi3rYAdVVY2','ugqqy2U2ry8qdGsZ1va182',2,'2022-06-27 07:35:29','oidc|Perman|S16440','2022-06-27 07:35:29','oidc|Perman|S16440'),
	('D6z85NVyGob2kTkKHjdEYq','R7jFgT6ppfkUBQqZr2C1q6',3,'2022-06-24 20:18:08','oidc|Perman|S09477','2022-06-24 20:18:08','oidc|Perman|S09477'),
	('DzvoiMaDcqC0HjyWammGw2','ugqqy2U2ry8qdGsZ1va182',2,'2022-06-27 07:37:51','oidc|Perman|S16440','2022-06-27 07:37:51','oidc|Perman|S16440'),
	('E1QJb5BYYgIaNTOHcx5pu2','R7jFgT6ppfkUBQqZr2C1q6',3,'2022-06-24 20:59:13','oidc|Perman|S09477','2022-06-24 20:59:13','oidc|Perman|S09477'),
	('GfdxRG4jLI9GgDDiw0GeI3','R7jFgT6ppfkUBQqZr2C1q6',3,'2022-06-24 20:07:51','oidc|Perman|S17673','2022-06-24 20:07:51','oidc|Perman|S17673'),
	('GL6GfJ2d5zjmIBisnls6j6','R7jFgT6ppfkUBQqZr2C1q6',3,'2022-06-24 18:13:30','oidc|Perman|S13797','2022-06-24 18:13:30','oidc|Perman|S13797'),
	('hK4qoiebpAcEuJPPOwiyy4','ugqqy2U2ry8qdGsZ1va182',2,'2022-06-24 20:58:01','oidc|Perman|S09477','2022-06-24 20:58:01','oidc|Perman|S09477'),
	('Ih6N53moxAaTCAHqQRCXW2','ugqqy2U2ry8qdGsZ1va182',2,'2022-06-27 07:30:12','oidc|Perman|S16440','2022-06-27 07:30:12','oidc|Perman|S16440'),
	('iMBcWE8YGwcIroKJ8YeEI1','R7jFgT6ppfkUBQqZr2C1q6',3,'2022-06-24 20:03:13','oidc|Perman|S09477','2022-06-24 20:03:13','oidc|Perman|S09477'),
	('jO0SjrLt6bMDazGf90E7U5','R7jFgT6ppfkUBQqZr2C1q6',3,'2022-06-24 20:28:55','oidc|Perman|S09477','2022-06-24 20:28:55','oidc|Perman|S09477'),
	('juIibODRS64f2Wzc5czYB2','R7jFgT6ppfkUBQqZr2C1q6',3,'2022-06-24 19:34:38','oidc|Perman|S13797','2022-06-24 19:34:38','oidc|Perman|S13797'),
	('jXSr9nX9TSqUXLiv58qeG6','nf1rocPQT1P31T7BvJTqh5',1,'2022-06-27 11:03:30','oidc|Perman|yoshida_tomohiro_gn','2022-06-27 11:03:30','oidc|Perman|yoshida_tomohiro_gn'),
	('KXTRC0fkaPVAq9GYqIHnZk','ugqqy2U2ry8qdGsZ1va182',2,'2022-06-24 17:54:00','oidc|Perman|S13797','2022-06-24 17:54:00','oidc|Perman|S13797'),
	('MACsfPusF1RloCYMn4Eki1','ugqqy2U2ry8qdGsZ1va182',2,'2022-06-24 17:55:44','oidc|Perman|S13797','2022-06-24 17:55:44','oidc|Perman|S13797'),
	('MCAfyFfd7JcZOfV8eXvX12','377CJJFMmBJDf4Cw8o3qqM',4,'2022-06-24 17:53:38','oidc|Perman|S13797','2022-06-24 17:53:38','oidc|Perman|S13797'),
	('MPUPMwX2Hb7tSKLUunzSN6','R7jFgT6ppfkUBQqZr2C1q6',3,'2022-06-24 19:15:26','oidc|Perman|S09477','2022-06-24 19:15:26','oidc|Perman|S09477'),
	('MQ3TSPIDYtRpqwYMorU8N2','ugqqy2U2ry8qdGsZ1va182',2,'2022-06-24 21:00:59','oidc|Perman|S09477','2022-06-24 21:00:59','oidc|Perman|S09477'),
	('pPuSraBWumVYizdLFGWRN6','ugqqy2U2ry8qdGsZ1va182',2,'2022-06-24 20:55:28','oidc|Perman|S09477','2022-06-24 20:55:28','oidc|Perman|S09477'),
	('qgG17blKoGDQ0sDMVTs1b3','R7jFgT6ppfkUBQqZr2C1q6',3,'2022-06-24 18:56:30','oidc|Perman|S13797','2022-06-24 18:56:30','oidc|Perman|S13797'),
	('tYh2AwhJkmi6BYptEJEJo2','ugqqy2U2ry8qdGsZ1va182',2,'2022-06-27 07:29:15','oidc|Perman|S16440','2022-06-27 07:29:15','oidc|Perman|S16440'),
	('WEzFhgdvPVFeCRTUZ9Nwk4','ugqqy2U2ry8qdGsZ1va182',2,'2022-06-24 20:36:18','oidc|Perman|S09477','2022-06-24 20:36:18','oidc|Perman|S09477'),
	('wezm4nbhCkp0kEYgc0Vjk2','ugqqy2U2ry8qdGsZ1va182',2,'2022-06-24 18:04:28','oidc|Perman|S13797','2022-06-24 18:04:28','oidc|Perman|S13797'),
	('xKC5lJabxw0pekV82moys2','ugqqy2U2ry8qdGsZ1va182',2,'2022-06-27 07:34:44','oidc|Perman|S16440','2022-06-27 07:34:44','oidc|Perman|S16440'),
	('yrtRRBDJCskXQkna2IfzL6','R7jFgT6ppfkUBQqZr2C1q6',3,'2022-06-24 17:56:32','oidc|Perman|S13797','2022-06-24 17:56:32','oidc|Perman|S13797'),
	('z6gzeE5p7qdhu8FJTn7rH1','zDYuBbZGIevi4DLeqEKjg2',5,'2022-06-24 17:57:03','oidc|Perman|S13797','2022-06-24 17:57:03','oidc|Perman|S13797');

/*!40000 ALTER TABLE `item_category_rel` ENABLE KEYS */;
UNLOCK TABLES;


# テーブルのダンプ item_image
# ------------------------------------------------------------

LOCK TABLES `item_image` WRITE;
/*!40000 ALTER TABLE `item_image` DISABLE KEYS */;

INSERT INTO `item_image` (`special_select_item_id`, `image_url`, `priority`, `created_at`, `created_by`, `updated_at`, `updated_by`)
VALUES
	('0zMl1VZVvhN5zfhyO6PGI2','https://stat.amebaad.jp/ad/specialselect/revivelash/revivelash_main.jpg',0,'2022-06-24 17:48:02','oidc|Perman|S13797','2022-06-24 17:48:02','oidc|Perman|S13797'),
	('1pvwsLfDxcqc7eyAUEdtn5','https://stat.amebaad.jp/ad/specialselect/fancl_whitening/white_main.jpg',0,'2022-06-24 19:13:34','oidc|Perman|S16440','2022-06-24 19:13:34','oidc|Perman|S16440'),
	('2NpDmsCTvw8IhD9UTTjazG','https://stat.amebaad.jp/ad/specialselect/jds_ring/ring_main1.jpg',0,'2022-06-24 20:56:21','oidc|Perman|S09477','2022-06-24 20:56:21','oidc|Perman|S09477'),
	('3zqwHvwGJvv9T1ul9vOSO5','https://stat.amebaad.jp/ad/specialselect/les_bliss_glace/glace_main.jpg',0,'2022-06-27 07:33:18','oidc|Perman|S16440','2022-06-27 07:33:18','oidc|Perman|S16440'),
	('3zqwHvwGJvv9T1ul9vOSO5','https://stat.amebaad.jp/ad/specialselect/les_bliss_glace/glace_sub1.jpg',1,'2022-06-27 07:33:18','oidc|Perman|S16440','2022-06-27 07:33:18','oidc|Perman|S16440'),
	('3zqwHvwGJvv9T1ul9vOSO5','https://stat.amebaad.jp/ad/specialselect/les_bliss_glace/glace_sub2.jpg',2,'2022-06-27 07:33:18','oidc|Perman|S16440','2022-06-27 07:33:18','oidc|Perman|S16440'),
	('3zqwHvwGJvv9T1ul9vOSO5','https://stat.amebaad.jp/ad/specialselect/les_bliss_glace/glace_sub3.jpg',3,'2022-06-27 07:33:18','oidc|Perman|S16440','2022-06-27 07:33:18','oidc|Perman|S16440'),
	('3zqwHvwGJvv9T1ul9vOSO5','https://stat.amebaad.jp/ad/specialselect/les_bliss_glace/glace_sub4.jpg',4,'2022-06-27 07:33:18','oidc|Perman|S16440','2022-06-27 07:33:18','oidc|Perman|S16440'),
	('5i33RQH0SaDVE8IMxyQTn7','https://stat.amebaad.jp/ad/specialselect/les_bliss_bracelet/bracelet_main.jpg',0,'2022-06-27 07:31:03','oidc|Perman|S16440','2022-06-27 07:31:03','oidc|Perman|S16440'),
	('5i33RQH0SaDVE8IMxyQTn7','https://stat.amebaad.jp/ad/specialselect/les_bliss_bracelet/bracelet_sub1.jpg',1,'2022-06-27 07:31:03','oidc|Perman|S16440','2022-06-27 07:31:03','oidc|Perman|S16440'),
	('5i33RQH0SaDVE8IMxyQTn7','https://stat.amebaad.jp/ad/specialselect/les_bliss_bracelet/bracelet_sub2.jpg',2,'2022-06-27 07:31:03','oidc|Perman|S16440','2022-06-27 07:31:03','oidc|Perman|S16440'),
	('5i33RQH0SaDVE8IMxyQTn7','https://stat.amebaad.jp/ad/specialselect/les_bliss_bracelet/bracelet_sub3.jpg',3,'2022-06-27 07:31:03','oidc|Perman|S16440','2022-06-27 07:31:03','oidc|Perman|S16440'),
	('5i33RQH0SaDVE8IMxyQTn7','https://stat.amebaad.jp/ad/specialselect/les_bliss_bracelet/bracelet_sub4.jpg',4,'2022-06-27 07:31:03','oidc|Perman|S16440','2022-06-27 07:31:03','oidc|Perman|S16440'),
	('6LcMRX95YtohLdF89mOyR1','https://stat.amebaad.jp/ad/specialselect/haba/haba_main.png',0,'2022-06-24 18:59:14','oidc|Perman|S09477','2022-06-24 18:59:14','oidc|Perman|S09477'),
	('86SXS5wwAvKrvqW2WVX4I4','https://stat.amebaad.jp/ad/specialselect/haba_squalene/squalene_main.jpg',0,'2022-06-23 17:49:26','oidc|Perman|S09477','2022-06-23 17:49:26','oidc|Perman|S09477'),
	('8iJl61mqaDHU1C3bTVoXK7','https://stat.amebaad.jp/ad/specialselect/les_bliss_choker/choker_main.jpg',0,'2022-06-27 07:36:26','oidc|Perman|S16440','2022-06-27 07:36:26','oidc|Perman|S16440'),
	('8iJl61mqaDHU1C3bTVoXK7','https://stat.amebaad.jp/ad/specialselect/les_bliss_choker/choker_sub1.jpg',1,'2022-06-27 07:36:26','oidc|Perman|S16440','2022-06-27 07:36:26','oidc|Perman|S16440'),
	('8iJl61mqaDHU1C3bTVoXK7','https://stat.amebaad.jp/ad/specialselect/les_bliss_choker/choker_sub2.jpg',2,'2022-06-27 07:36:26','oidc|Perman|S16440','2022-06-27 07:36:26','oidc|Perman|S16440'),
	('8iJl61mqaDHU1C3bTVoXK7','https://stat.amebaad.jp/ad/specialselect/les_bliss_choker/choker_sub3.jpg',3,'2022-06-27 07:36:26','oidc|Perman|S16440','2022-06-27 07:36:26','oidc|Perman|S16440'),
	('8iJl61mqaDHU1C3bTVoXK7','https://stat.amebaad.jp/ad/specialselect/les_bliss_choker/choker_sub4.jpg',4,'2022-06-27 07:36:26','oidc|Perman|S16440','2022-06-27 07:36:26','oidc|Perman|S16440'),
	('8YMAHpOUyyp1CtaRqJ9Ks6','https://stat.amebaad.jp/ad/specialselect/fancl_moist/moist_main.jpg',0,'2022-06-24 20:11:45','oidc|Perman|S09477','2022-06-24 20:11:45','oidc|Perman|S09477'),
	('8YMAHpOUyyp1CtaRqJ9Ks6','https://stat.amebaad.jp/ad/specialselect/fancl_moist/moist_sub1.jpg',1,'2022-06-24 20:11:45','oidc|Perman|S09477','2022-06-24 20:11:45','oidc|Perman|S09477'),
	('a3umMEt2xYMPxBm0YzB6b5','https://stat.amebaad.jp/ad/specialselect/fancl_acnecare/acne_main.jpg',0,'2022-06-24 18:09:05','oidc|Perman|S09477','2022-06-24 18:09:05','oidc|Perman|S09477'),
	('aO7HawIVconoqdqNbc3qV1','https://stat.amebaad.jp/ad/specialselect/les_bliss_strap/strap_main.jpg',0,'2022-06-27 07:31:49','oidc|Perman|S16440','2022-06-27 07:31:49','oidc|Perman|S16440'),
	('aO7HawIVconoqdqNbc3qV1','https://stat.amebaad.jp/ad/specialselect/les_bliss_strap/strap_sub1.jpg',1,'2022-06-27 07:31:49','oidc|Perman|S16440','2022-06-27 07:31:49','oidc|Perman|S16440'),
	('aO7HawIVconoqdqNbc3qV1','https://stat.amebaad.jp/ad/specialselect/les_bliss_strap/strap_sub2.jpg',2,'2022-06-27 07:31:49','oidc|Perman|S16440','2022-06-27 07:31:49','oidc|Perman|S16440'),
	('aO7HawIVconoqdqNbc3qV1','https://stat.amebaad.jp/ad/specialselect/les_bliss_strap/strap_sub3.jpg',3,'2022-06-27 07:31:49','oidc|Perman|S16440','2022-06-27 07:31:49','oidc|Perman|S16440'),
	('aO7HawIVconoqdqNbc3qV1','https://stat.amebaad.jp/ad/specialselect/les_bliss_strap/strap_sub4.jpg',4,'2022-06-27 07:31:49','oidc|Perman|S16440','2022-06-27 07:31:49','oidc|Perman|S16440'),
	('armGWzPFzGCM20DW3VpzW3','https://stat.amebaad.jp/ad/specialselect/fancl_mildcleansingoil/maikure_main.jpg',0,'2022-06-24 17:55:26','oidc|Perman|S13797','2022-06-24 17:55:26','oidc|Perman|S13797'),
	('b0Dwq4dLQ6RUj5hSlGWsB2','https://stat.amebaad.jp/ad/specialselect/phytolift/phytolift_main.jpg',0,'2022-06-24 20:59:19','oidc|Perman|S17673','2022-06-24 20:59:19','oidc|Perman|S17673'),
	('BjLpCFnPhWGhm3WSbLB222','https://stat.amebaad.jp/ad/specialselect/les_bliss_mybasic/mybasic_main.jpg',0,'2022-06-27 07:34:06','oidc|Perman|S16440','2022-06-27 07:34:06','oidc|Perman|S16440'),
	('BjLpCFnPhWGhm3WSbLB222','https://stat.amebaad.jp/ad/specialselect/les_bliss_mybasic/mybasic_sub1.jpg',1,'2022-06-27 07:34:06','oidc|Perman|S16440','2022-06-27 07:34:06','oidc|Perman|S16440'),
	('BjLpCFnPhWGhm3WSbLB222','https://stat.amebaad.jp/ad/specialselect/les_bliss_mybasic/mybasic_sub2.jpg',2,'2022-06-27 07:34:06','oidc|Perman|S16440','2022-06-27 07:34:06','oidc|Perman|S16440'),
	('BjLpCFnPhWGhm3WSbLB222','https://stat.amebaad.jp/ad/specialselect/les_bliss_mybasic/mybasic_sub3.jpg',3,'2022-06-27 07:34:06','oidc|Perman|S16440','2022-06-27 07:34:06','oidc|Perman|S16440'),
	('BjLpCFnPhWGhm3WSbLB222','https://stat.amebaad.jp/ad/specialselect/les_bliss_mybasic/mybasic_sub4.jpg',4,'2022-06-27 07:34:06','oidc|Perman|S16440','2022-06-27 07:34:06','oidc|Perman|S16440'),
	('bkLYmILtlGyUJbOgmPVSC1','https://stat.amebaad.jp/ad/specialselect/yourmystar/yourmystar_main.png',0,'2022-06-27 07:23:40','oidc|Perman|S16440','2022-06-27 07:23:40','oidc|Perman|S16440'),
	('cBZVr8lCLqtEi3rYAdVVY2','https://stat.amebaad.jp/ad/specialselect/les_bliss_spur/spur_main.jpg',0,'2022-06-27 07:35:29','oidc|Perman|S16440','2022-06-27 07:35:29','oidc|Perman|S16440'),
	('cBZVr8lCLqtEi3rYAdVVY2','https://stat.amebaad.jp/ad/specialselect/les_bliss_spur/spur_sub1.jpg',1,'2022-06-27 07:35:29','oidc|Perman|S16440','2022-06-27 07:35:29','oidc|Perman|S16440'),
	('cBZVr8lCLqtEi3rYAdVVY2','https://stat.amebaad.jp/ad/specialselect/les_bliss_spur/spur_sub2.jpg',2,'2022-06-27 07:35:29','oidc|Perman|S16440','2022-06-27 07:35:29','oidc|Perman|S16440'),
	('cBZVr8lCLqtEi3rYAdVVY2','https://stat.amebaad.jp/ad/specialselect/les_bliss_spur/spur_sub3.jpg',3,'2022-06-27 07:35:29','oidc|Perman|S16440','2022-06-27 07:35:29','oidc|Perman|S16440'),
	('cBZVr8lCLqtEi3rYAdVVY2','https://stat.amebaad.jp/ad/specialselect/les_bliss_spur/spur_sub4.jpg',4,'2022-06-27 07:35:29','oidc|Perman|S16440','2022-06-27 07:35:29','oidc|Perman|S16440'),
	('D6z85NVyGob2kTkKHjdEYq','https://stat.amebaad.jp/ad/specialselect/acnal/acnal_main.png',0,'2022-06-24 20:18:08','oidc|Perman|S09477','2022-06-24 20:18:08','oidc|Perman|S09477'),
	('D6z85NVyGob2kTkKHjdEYq','https://stat.amebaad.jp/ad/specialselect/acnal/acnal_sub1.jpg',1,'2022-06-24 20:18:08','oidc|Perman|S09477','2022-06-24 20:18:08','oidc|Perman|S09477'),
	('DzvoiMaDcqC0HjyWammGw2','https://stat.amebaad.jp/ad/specialselect/les_bliss_pearlnecklace/pearln_main.jpg',0,'2022-06-27 07:37:51','oidc|Perman|S16440','2022-06-27 07:37:51','oidc|Perman|S16440'),
	('DzvoiMaDcqC0HjyWammGw2','https://stat.amebaad.jp/ad/specialselect/les_bliss_pearlnecklace/pearln_sub1.jpg',1,'2022-06-27 07:37:51','oidc|Perman|S16440','2022-06-27 07:37:51','oidc|Perman|S16440'),
	('DzvoiMaDcqC0HjyWammGw2','https://stat.amebaad.jp/ad/specialselect/les_bliss_pearlnecklace/pearln_sub2.jpg',2,'2022-06-27 07:37:51','oidc|Perman|S16440','2022-06-27 07:37:51','oidc|Perman|S16440'),
	('DzvoiMaDcqC0HjyWammGw2','https://stat.amebaad.jp/ad/specialselect/les_bliss_pearlnecklace/pearln_sub3.jpg',3,'2022-06-27 07:37:51','oidc|Perman|S16440','2022-06-27 07:37:51','oidc|Perman|S16440'),
	('DzvoiMaDcqC0HjyWammGw2','https://stat.amebaad.jp/ad/specialselect/les_bliss_pearlnecklace/pearln_sub4.jpg',4,'2022-06-27 07:37:51','oidc|Perman|S16440','2022-06-27 07:37:51','oidc|Perman|S16440'),
	('E1QJb5BYYgIaNTOHcx5pu2','https://stat.amebaad.jp/ad/specialselect/jds_ring/ring_main1.jpg',0,'2022-06-24 20:59:13','oidc|Perman|S09477','2022-06-24 20:59:13','oidc|Perman|S09477'),
	('GfdxRG4jLI9GgDDiw0GeI3','https://stat.amebaad.jp/ad/specialselect/phytolift/phytolift_main.jpg',0,'2022-06-24 20:07:51','oidc|Perman|S17673','2022-06-24 20:07:51','oidc|Perman|S17673'),
	('GL6GfJ2d5zjmIBisnls6j6','https://stat.amebaad.jp/ad/specialselect/rankup_toneup/toneup_main.png',0,'2022-06-24 18:13:30','oidc|Perman|S13797','2022-06-24 18:13:30','oidc|Perman|S13797'),
	('hK4qoiebpAcEuJPPOwiyy4','https://stat.amebaad.jp/ad/specialselect/jds_ring/ring_main1.jpg',0,'2022-06-24 20:58:01','oidc|Perman|S09477','2022-06-24 20:58:01','oidc|Perman|S09477'),
	('Ih6N53moxAaTCAHqQRCXW2','https://stat.amebaad.jp/ad/specialselect/les_bliss_brooch/brooch_main.jpg',0,'2022-06-27 07:30:12','oidc|Perman|S16440','2022-06-27 07:30:12','oidc|Perman|S16440'),
	('Ih6N53moxAaTCAHqQRCXW2','https://stat.amebaad.jp/ad/specialselect/les_bliss_brooch/brooch_sub1.jpg',1,'2022-06-27 07:30:12','oidc|Perman|S16440','2022-06-27 07:30:12','oidc|Perman|S16440'),
	('Ih6N53moxAaTCAHqQRCXW2','https://stat.amebaad.jp/ad/specialselect/les_bliss_brooch/brooch_sub2.jpg',2,'2022-06-27 07:30:12','oidc|Perman|S16440','2022-06-27 07:30:12','oidc|Perman|S16440'),
	('Ih6N53moxAaTCAHqQRCXW2','https://stat.amebaad.jp/ad/specialselect/les_bliss_brooch/brooch_sub3.jpg',3,'2022-06-27 07:30:12','oidc|Perman|S16440','2022-06-27 07:30:12','oidc|Perman|S16440'),
	('Ih6N53moxAaTCAHqQRCXW2','https://stat.amebaad.jp/ad/specialselect/les_bliss_brooch/brooch_sub4.jpg',4,'2022-06-27 07:30:12','oidc|Perman|S16440','2022-06-27 07:30:12','oidc|Perman|S16440'),
	('iMBcWE8YGwcIroKJ8YeEI1','https://stat.amebaad.jp/ad/specialselect/kurokami/kurokami_main.png',0,'2022-06-24 20:03:12','oidc|Perman|S09477','2022-06-24 20:03:12','oidc|Perman|S09477'),
	('iMBcWE8YGwcIroKJ8YeEI1','https://stat.amebaad.jp/ad/specialselect/kurokami/kurokami_sub1.png',1,'2022-06-24 20:03:12','oidc|Perman|S09477','2022-06-24 20:03:12','oidc|Perman|S09477'),
	('iMBcWE8YGwcIroKJ8YeEI1','https://stat.amebaad.jp/ad/specialselect/kurokami/kurokami_sub2.jpg',2,'2022-06-24 20:03:12','oidc|Perman|S09477','2022-06-24 20:03:12','oidc|Perman|S09477'),
	('iMBcWE8YGwcIroKJ8YeEI1','https://stat.amebaad.jp/ad/specialselect/kurokami/kurokami_sub3.jpg',3,'2022-06-24 20:03:12','oidc|Perman|S09477','2022-06-24 20:03:12','oidc|Perman|S09477'),
	('iMBcWE8YGwcIroKJ8YeEI1','https://stat.amebaad.jp/ad/specialselect/kurokami/kurokami_sub4.jpg',4,'2022-06-24 20:03:12','oidc|Perman|S09477','2022-06-24 20:03:12','oidc|Perman|S09477'),
	('jO0SjrLt6bMDazGf90E7U5','https://stat.amebaad.jp/ad/specialselect/ultimoist/ultimoist_main.jpg',0,'2022-06-24 20:28:55','oidc|Perman|S09477','2022-06-24 20:28:55','oidc|Perman|S09477'),
	('juIibODRS64f2Wzc5czYB2','https://stat.amebaad.jp/ad/specialselect/vernal/vernal_main.jpg',0,'2022-06-24 19:34:38','oidc|Perman|S13797','2022-06-24 19:34:38','oidc|Perman|S13797'),
	('jXSr9nX9TSqUXLiv58qeG6','https://stat.amebaad.jp/ad/specialselect/image/test/test.png',0,'2022-06-27 11:03:30','oidc|Perman|yoshida_tomohiro_gn','2022-06-27 11:03:30','oidc|Perman|yoshida_tomohiro_gn'),
	('jXSr9nX9TSqUXLiv58qeG6','https://stat.amebaad.jp/ad/specialselect/image/test/test.png',1,'2022-06-27 11:03:30','oidc|Perman|yoshida_tomohiro_gn','2022-06-27 11:03:30','oidc|Perman|yoshida_tomohiro_gn'),
	('jXSr9nX9TSqUXLiv58qeG6','https://stat.amebaad.jp/ad/specialselect/image/test/test.png',2,'2022-06-27 11:03:30','oidc|Perman|yoshida_tomohiro_gn','2022-06-27 11:03:30','oidc|Perman|yoshida_tomohiro_gn'),
	('KXTRC0fkaPVAq9GYqIHnZk','https://stat.amebaad.jp/ad/specialselect/lupis/lupis_main.jpg',0,'2022-06-24 17:54:00','oidc|Perman|S13797','2022-06-24 17:54:00','oidc|Perman|S13797'),
	('MACsfPusF1RloCYMn4Eki1','https://stat.amebaad.jp/ad/specialselect/jc_neckless/neckless_main.jpg',0,'2022-06-24 17:55:44','oidc|Perman|S13797','2022-06-24 17:55:44','oidc|Perman|S13797'),
	('MACsfPusF1RloCYMn4Eki1','https://stat.amebaad.jp/ad/specialselect/jc_neckless/neckless_sub1.jpg',1,'2022-06-24 17:55:44','oidc|Perman|S13797','2022-06-24 17:55:44','oidc|Perman|S13797'),
	('MACsfPusF1RloCYMn4Eki1','https://stat.amebaad.jp/ad/specialselect/jc_neckless/neckless_sub2.jpg',2,'2022-06-24 17:55:44','oidc|Perman|S13797','2022-06-24 17:55:44','oidc|Perman|S13797'),
	('MACsfPusF1RloCYMn4Eki1','https://stat.amebaad.jp/ad/specialselect/jc_neckless/neckless_sub3.jpg',3,'2022-06-24 17:55:44','oidc|Perman|S13797','2022-06-24 17:55:44','oidc|Perman|S13797'),
	('MACsfPusF1RloCYMn4Eki1','https://stat.amebaad.jp/ad/specialselect/jc_neckless/neckless_sub4.jpg',4,'2022-06-24 17:55:44','oidc|Perman|S13797','2022-06-24 17:55:44','oidc|Perman|S13797'),
	('MCAfyFfd7JcZOfV8eXvX12','https://stat.amebaad.jp/ad/specialselect/cocoroot/cocoroot_main.png',0,'2022-06-24 17:53:38','oidc|Perman|S13797','2022-06-24 17:53:38','oidc|Perman|S13797'),
	('MCAfyFfd7JcZOfV8eXvX12','https://stat.amebaad.jp/ad/specialselect/cocoroot/cocorooot_sub1.png',1,'2022-06-24 17:53:38','oidc|Perman|S13797','2022-06-24 17:53:38','oidc|Perman|S13797'),
	('MCAfyFfd7JcZOfV8eXvX12','https://stat.amebaad.jp/ad/specialselect/cocoroot/cocoroot_sub2.png',2,'2022-06-24 17:53:38','oidc|Perman|S13797','2022-06-24 17:53:38','oidc|Perman|S13797'),
	('MPUPMwX2Hb7tSKLUunzSN6','https://stat.amebaad.jp/ad/specialselect/fancl_enrich/enrich_main.jpg',0,'2022-06-24 19:15:26','oidc|Perman|S09477','2022-06-24 19:15:26','oidc|Perman|S09477'),
	('MQ3TSPIDYtRpqwYMorU8N2','https://stat.amebaad.jp/ad/specialselect/vernal/vernal_main.jpg',0,'2022-06-24 21:00:59','oidc|Perman|S09477','2022-06-24 21:00:59','oidc|Perman|S09477'),
	('pPuSraBWumVYizdLFGWRN6','https://stat.amebaad.jp/ad/specialselect/jds_ring/ring_main1.jpg',0,'2022-06-24 20:55:28','oidc|Perman|S09477','2022-06-24 20:55:28','oidc|Perman|S09477'),
	('qgG17blKoGDQ0sDMVTs1b3','https://stat.amebaad.jp/ad/specialselect/rankup_manara/manara_main.png',0,'2022-06-24 18:56:30','oidc|Perman|S13797','2022-06-24 18:56:30','oidc|Perman|S13797'),
	('tYh2AwhJkmi6BYptEJEJo2','https://stat.amebaad.jp/ad/specialselect/les_bliss_pearl/pearl_main.jpg',0,'2022-06-27 07:29:15','oidc|Perman|S16440','2022-06-27 07:29:15','oidc|Perman|S16440'),
	('tYh2AwhJkmi6BYptEJEJo2','https://stat.amebaad.jp/ad/specialselect/les_bliss_pearl/pearl_sub1.jpg',1,'2022-06-27 07:29:15','oidc|Perman|S16440','2022-06-27 07:29:15','oidc|Perman|S16440'),
	('tYh2AwhJkmi6BYptEJEJo2','https://stat.amebaad.jp/ad/specialselect/les_bliss_pearl/pearl_sub2.jpg',2,'2022-06-27 07:29:15','oidc|Perman|S16440','2022-06-27 07:29:15','oidc|Perman|S16440'),
	('tYh2AwhJkmi6BYptEJEJo2','https://stat.amebaad.jp/ad/specialselect/les_bliss_pearl/pearl_sub3.jpg',3,'2022-06-27 07:29:15','oidc|Perman|S16440','2022-06-27 07:29:15','oidc|Perman|S16440'),
	('tYh2AwhJkmi6BYptEJEJo2','https://stat.amebaad.jp/ad/specialselect/les_bliss_pearl/pearl_sub4.jpg',4,'2022-06-27 07:29:15','oidc|Perman|S16440','2022-06-27 07:29:15','oidc|Perman|S16440'),
	('WEzFhgdvPVFeCRTUZ9Nwk4','https://stat.amebaad.jp/ad/specialselect/jds_ring/ring_main1.jpg',0,'2022-06-24 20:36:18','oidc|Perman|S09477','2022-06-24 20:36:18','oidc|Perman|S09477'),
	('WEzFhgdvPVFeCRTUZ9Nwk4','https://stat.amebaad.jp/ad/specialselect/jds_ring/ring_sub1.jpg',1,'2022-06-24 20:36:18','oidc|Perman|S09477','2022-06-24 20:36:18','oidc|Perman|S09477'),
	('WEzFhgdvPVFeCRTUZ9Nwk4','https://stat.amebaad.jp/ad/specialselect/jds_ring/ring_sub2.jpg',2,'2022-06-24 20:36:18','oidc|Perman|S09477','2022-06-24 20:36:18','oidc|Perman|S09477'),
	('WEzFhgdvPVFeCRTUZ9Nwk4','https://stat.amebaad.jp/ad/specialselect/jds_ring/ring_sub3.jpg',3,'2022-06-24 20:36:18','oidc|Perman|S09477','2022-06-24 20:36:18','oidc|Perman|S09477'),
	('WEzFhgdvPVFeCRTUZ9Nwk4','https://stat.amebaad.jp/ad/specialselect/jds_ring/ring_sub4.jpg',4,'2022-06-24 20:36:18','oidc|Perman|S09477','2022-06-24 20:36:18','oidc|Perman|S09477'),
	('wezm4nbhCkp0kEYgc0Vjk2','https://stat.amebaad.jp/ad/specialselect/earrings/earrings_main.jpg',0,'2022-06-24 18:04:28','oidc|Perman|S13797','2022-06-24 18:04:28','oidc|Perman|S13797'),
	('wezm4nbhCkp0kEYgc0Vjk2','https://stat.amebaad.jp/ad/specialselect/earrings/earrings_sub1.jpg',1,'2022-06-24 18:04:28','oidc|Perman|S13797','2022-06-24 18:04:28','oidc|Perman|S13797'),
	('wezm4nbhCkp0kEYgc0Vjk2','https://stat.amebaad.jp/ad/specialselect/earrings/earrings_sub2.jpg',2,'2022-06-24 18:04:28','oidc|Perman|S13797','2022-06-24 18:04:28','oidc|Perman|S13797'),
	('wezm4nbhCkp0kEYgc0Vjk2','https://stat.amebaad.jp/ad/specialselect/earrings/earrings_sub3.jpg',3,'2022-06-24 18:04:28','oidc|Perman|S13797','2022-06-24 18:04:28','oidc|Perman|S13797'),
	('xKC5lJabxw0pekV82moys2','https://stat.amebaad.jp/ad/specialselect/les_bliss_necklace/horse_main.jpg',0,'2022-06-27 07:34:44','oidc|Perman|S16440','2022-06-27 07:34:44','oidc|Perman|S16440'),
	('xKC5lJabxw0pekV82moys2','https://stat.amebaad.jp/ad/specialselect/les_bliss_necklace/horse_sub1.jpg',1,'2022-06-27 07:34:44','oidc|Perman|S16440','2022-06-27 07:34:44','oidc|Perman|S16440'),
	('xKC5lJabxw0pekV82moys2','https://stat.amebaad.jp/ad/specialselect/les_bliss_necklace/horse_sub2.jpg',2,'2022-06-27 07:34:44','oidc|Perman|S16440','2022-06-27 07:34:44','oidc|Perman|S16440'),
	('xKC5lJabxw0pekV82moys2','https://stat.amebaad.jp/ad/specialselect/les_bliss_necklace/horse_sub3.jpg',3,'2022-06-27 07:34:44','oidc|Perman|S16440','2022-06-27 07:34:44','oidc|Perman|S16440'),
	('xKC5lJabxw0pekV82moys2','https://stat.amebaad.jp/ad/specialselect/les_bliss_necklace/horse_sub4.jpg',4,'2022-06-27 07:34:44','oidc|Perman|S16440','2022-06-27 07:34:44','oidc|Perman|S16440'),
	('yrtRRBDJCskXQkna2IfzL6','https://stat.amebaad.jp/ad/specialselect/etvos/etvos_main.jpg',0,'2022-06-24 17:56:32','oidc|Perman|S13797','2022-06-24 17:56:32','oidc|Perman|S13797'),
	('yrtRRBDJCskXQkna2IfzL6','https://stat.amebaad.jp/ad/specialselect/etvos/etvos_sub1.jpg',1,'2022-06-24 17:56:32','oidc|Perman|S13797','2022-06-24 17:56:32','oidc|Perman|S13797'),
	('z6gzeE5p7qdhu8FJTn7rH1','https://stat.amebaad.jp/ad/specialselect/disney/disney_main.png',0,'2022-06-24 17:57:03','oidc|Perman|S13797','2022-06-24 17:57:03','oidc|Perman|S13797'),
	('z6gzeE5p7qdhu8FJTn7rH1','https://stat.amebaad.jp/ad/specialselect/disney/disney_sub1.png',1,'2022-06-24 17:57:03','oidc|Perman|S13797','2022-06-24 17:57:03','oidc|Perman|S13797');

/*!40000 ALTER TABLE `item_image` ENABLE KEYS */;
UNLOCK TABLES;


# テーブルのダンプ item_pr
# ------------------------------------------------------------

LOCK TABLES `item_pr` WRITE;
/*!40000 ALTER TABLE `item_pr` DISABLE KEYS */;

INSERT INTO `item_pr` (`special_select_item_id`, `priority`, `title`, `text`, `created_at`, `created_by`, `updated_at`, `updated_by`)
VALUES
	('0zMl1VZVvhN5zfhyO6PGI2',0,'たっぷり美容成分','まつ毛美容成分キャピキシル※を、たっぷり高濃度５％配合。まゆ毛にも使える。\n※保湿成分：アセチルテトラペプチド-3、アカツメクサ花エキス','2022-06-24 17:48:02','oidc|Perman|S13797','2022-06-24 17:48:02','oidc|Perman|S13797'),
	('0zMl1VZVvhN5zfhyO6PGI2',1,'60日間全額返金保証','初回の申込限り。商品到着後60日以内に連絡。返品の際の送料はご負担ください。商品の容器が揃わない場合は返金できません。複数購入の場合は、60日以内であっても2本目を開封した時点で返金対象外となります。','2022-06-24 17:48:02','oidc|Perman|S13797','2022-06-24 17:48:02','oidc|Perman|S13797'),
	('0zMl1VZVvhN5zfhyO6PGI2',2,'大人女性','20代～40代の大人女性に売れてます。\n毎日続ける、簡単まつ毛ケアにお使いください。','2022-06-24 17:48:02','oidc|Perman|S13797','2022-06-24 17:48:02','oidc|Perman|S13797'),
	('1pvwsLfDxcqc7eyAUEdtn5',0,'美容保湿成分','美容保湿成分のサクラ葉エキス配合。肌の土台にたっぷりうるおいを与えることで、美容サポート成分の届きやすい肌へ。','2022-06-24 19:13:34','oidc|Perman|S16440','2022-06-24 19:13:34','oidc|Perman|S16440'),
	('1pvwsLfDxcqc7eyAUEdtn5',1,'ビタミンCでアプローチ','一般的に酸化しやすい成分であるビタミンCの働きを最大限引き出し、シミを徹底予防。','2022-06-24 19:13:34','oidc|Perman|S16440','2022-06-24 19:13:34','oidc|Perman|S16440'),
	('1pvwsLfDxcqc7eyAUEdtn5',2,'5大添加物無添加','大切な肌のために防腐剤、香料、合成色素、石油系界面活性剤、紫外線吸収剤の添加なし。','2022-06-24 19:13:34','oidc|Perman|S16440','2022-06-24 19:13:34','oidc|Perman|S16440'),
	('2NpDmsCTvw8IhD9UTTjazG',0,'あ','あ','2022-06-24 20:56:21','oidc|Perman|S09477','2022-06-24 20:56:21','oidc|Perman|S09477'),
	('2NpDmsCTvw8IhD9UTTjazG',1,'あ','あ','2022-06-24 20:56:21','oidc|Perman|S09477','2022-06-24 20:56:21','oidc|Perman|S09477'),
	('2NpDmsCTvw8IhD9UTTjazG',2,'あ','あ','2022-06-24 20:56:21','oidc|Perman|S09477','2022-06-24 20:56:21','oidc|Perman|S09477'),
	('3zqwHvwGJvv9T1ul9vOSO5',0,'公園ママも安心','チャームはダイヤモンドに見えて、ジルコニア。見た目はダイヤみたいだけど安心して毎日着けられます。ジュエリーのようなデザインにこだわって、大きすぎない小さすぎないそのサイズ感も完璧に計算されています。','2022-06-27 07:33:18','oidc|Perman|S16440','2022-06-27 07:33:18','oidc|Perman|S16440'),
	('3zqwHvwGJvv9T1ul9vOSO5',1,'スキンジュエリー','スキンジュエリーとは肌の一部のように自分になじむジュエリーのこと。\n子供を抱っこする時に、チャームが当たってしまわないかなという心配がいらないフラットなデザインのチャームです。','2022-06-27 07:33:18','oidc|Perman|S16440','2022-06-27 07:33:18','oidc|Perman|S16440'),
	('3zqwHvwGJvv9T1ul9vOSO5',2,'14金ゴールドフィルド','レスブリスが使用しているこだわりの素材です。\n真鍮の芯に14金を圧着したもので、通常の金メッキの100倍も厚い層で作られており、長期間使用していても剥げてくることはほとんどありません。','2022-06-27 07:33:18','oidc|Perman|S16440','2022-06-27 07:33:18','oidc|Perman|S16440'),
	('5i33RQH0SaDVE8IMxyQTn7',0,'長さ調整可能','重ねづけのシルエットを考えてGoldlineはゆるめの手首周り＋3.0cmをおすすめしています。ゆるめがお好みでない方やPCワークをされる方は＋2.0cmがオススメです。','2022-06-27 07:31:03','oidc|Perman|S16440','2022-06-27 07:31:03','oidc|Perman|S16440'),
	('5i33RQH0SaDVE8IMxyQTn7',1,'１４金ゴールドフィルド','レスブリスが使用しているこだわりの素材です。\n真鍮の芯に14金を圧着したもので、通常の金メッキの100倍も厚い層で作られており、長期間使用していても剥げてくることはほとんどありません。','2022-06-27 07:31:03','oidc|Perman|S16440','2022-06-27 07:31:03','oidc|Perman|S16440'),
	('5i33RQH0SaDVE8IMxyQTn7',2,'丈夫で切れにくいチェーン','お子様を抱っこしていても肌に当たらないデザイン。そして引っ張られても丈夫で切れにくいチェーンにこだわっています。','2022-06-27 07:31:03','oidc|Perman|S16440','2022-06-27 07:31:03','oidc|Perman|S16440'),
	('6LcMRX95YtohLdF89mOyR1',0,'季節のメイク悩み','気になる悩み（毛穴の開きが気になる・化粧品の毛穴落ち・テカリ・マスクによる化粧ヨレなど）をつるんとカバー。','2022-06-24 18:59:14','oidc|Perman|S09477','2022-06-24 18:59:14','oidc|Perman|S09477'),
	('6LcMRX95YtohLdF89mOyR1',1,'ミネラルカラー','天然ミネラル由来で、健康的な印象に仕上がります。\nカバーが必要な部分だけ適度に重ねづけするなど、自分好みで調整でき、ナチュラルな仕上がりを感じられます。素肌のままのような軽いつけ心地が特徴です。','2022-06-24 18:59:14','oidc|Perman|S09477','2022-06-24 18:59:14','oidc|Perman|S09477'),
	('6LcMRX95YtohLdF89mOyR1',2,'崩れにくい','肌のひきしめ×皮脂の吸着の効果でテカリが気にならないため、使用することで崩れにくく、マスクにつきにくくなります。','2022-06-24 18:59:14','oidc|Perman|S09477','2022-06-24 18:59:14','oidc|Perman|S09477'),
	('86SXS5wwAvKrvqW2WVX4I4',0,'季節の肌悩みに','気になる肌悩み（ごわつき、乾燥・化粧ノリなど・・）マスクによる肌荒れなどのダメージから肌を守ります。','2022-06-23 17:49:26','oidc|Perman|S09477','2022-06-23 17:49:26','oidc|Perman|S09477'),
	('86SXS5wwAvKrvqW2WVX4I4',1,'もっちり感','顔だけではなくボディケア、ネイルオイル、ヘアオイルにも使え、肌に乗せた時のもっちり感を実感いただけます。','2022-06-23 17:49:26','oidc|Perman|S09477','2022-06-23 17:49:26','oidc|Perman|S09477'),
	('86SXS5wwAvKrvqW2WVX4I4',2,'コスパが良い','たった1滴の使用で十分なので、おためしサイズ10ml1本で約2ヵ月持ちます。※朝晩1滴ずつ使用した場合','2022-06-23 17:49:26','oidc|Perman|S09477','2022-06-23 17:49:26','oidc|Perman|S09477'),
	('8iJl61mqaDHU1C3bTVoXK7',0,'チョーカー','今トレンドのチョーカーは首にぴったりフィットするものではなく、首にラフにかけるような抜け感のあるデザインです。チェーンで出来ているネックレスとは違った存在感を出せます。','2022-06-27 07:36:26','oidc|Perman|S16440','2022-06-27 07:36:26','oidc|Perman|S16440'),
	('8iJl61mqaDHU1C3bTVoXK7',1,'ストレスフリーな使い心地','さっと首にかけるだけなので留め具のわずらわしさがありません。金属素材ですが横に広げることができますので着用時は少しだけ広げて首につけていただくとスムーズです。重さも拘り長時間着用しても気になりません。','2022-06-27 07:36:26','oidc|Perman|S16440','2022-06-27 07:36:26','oidc|Perman|S16440'),
	('8iJl61mqaDHU1C3bTVoXK7',2,'何にでも合う万能アイテム','Tシャツやカットソー、襟つきのシャツからニットまで。丸首でもVネックでも。何にでも合う万能アイテムです。首周りの空き具合に長さを合わせたいというネックレスならではの心配も不要です。','2022-06-27 07:36:26','oidc|Perman|S16440','2022-06-27 07:36:26','oidc|Perman|S16440'),
	('8YMAHpOUyyp1CtaRqJ9Ks6',0,'キメが整う','独自成分アクティブセラミドとモイストチャージコラーゲンが、肌のすみずみを満たしてつるんとなめらか肌に。','2022-06-24 20:11:45','oidc|Perman|S09477','2022-06-24 20:11:45','oidc|Perman|S09477'),
	('8YMAHpOUyyp1CtaRqJ9Ks6',1,'肌をひきしめる','タチバナ果皮から抽出したビタミンPエキスが、毛穴まわりにアプローチ。','2022-06-24 20:11:45','oidc|Perman|S09477','2022-06-24 20:11:45','oidc|Perman|S09477'),
	('8YMAHpOUyyp1CtaRqJ9Ks6',2,'5大添加物無添加','大切な肌のために防腐剤、香料、合成色素、石油系界面活性剤、紫外線吸収剤の添加なし。','2022-06-24 20:11:45','oidc|Perman|S09477','2022-06-24 20:11:45','oidc|Perman|S09477'),
	('a3umMEt2xYMPxBm0YzB6b5',0,'ニキビを繰り返さない','ゆらぎがちな肌を根本から整え、ストレスに左右されない肌を目指します。','2022-06-24 18:09:05','oidc|Perman|S09477','2022-06-24 18:09:05','oidc|Perman|S09477'),
	('a3umMEt2xYMPxBm0YzB6b5',1,'毛穴づまりを防ぐ','「毛穴蓋」に着目したウメ果実エキスに加え、肌バリアをケアする漢植物エキスを配合。ニキビの発生を徹底的に防ぎます。','2022-06-24 18:09:05','oidc|Perman|S09477','2022-06-24 18:09:05','oidc|Perman|S09477'),
	('a3umMEt2xYMPxBm0YzB6b5',2,'外的ストレスをケア','「ケア」と「守り」の両面からダブルでアプローチします。','2022-06-24 18:09:05','oidc|Perman|S09477','2022-06-24 18:09:05','oidc|Perman|S09477'),
	('aO7HawIVconoqdqNbc3qV1',0,'カラーは4色展開','コーディネートに合わせて選んで欲しい4色展開です。バッグや靴を選ぶようにロングストラップもファッション小物としていろんなカラーをコーディネートに加えてください。\n','2022-06-27 07:31:49','oidc|Perman|S16440','2022-06-27 07:31:49','oidc|Perman|S16440'),
	('aO7HawIVconoqdqNbc3qV1',1,'長いストラップ','レスブリスのストラップは一般的なものより40cm長い130cmです。\n平均的な身長の方が斜めがけしてちょうど後ろポケットに入るサイズです。しゃがんだ時にもストラップが突っ張るような窮屈さがありません。','2022-06-27 07:31:49','oidc|Perman|S16440','2022-06-27 07:31:49','oidc|Perman|S16440'),
	('aO7HawIVconoqdqNbc3qV1',2,'丈夫でお手入れいらず','ストラップとパーツのつなぎ目には壊れにくい強度のある二重カンを使用。革製の紐にはあえて本皮ではなく合成皮革を採用しました。マメな手入れ不要で汚れにも強いです。身体にフィットする柔らかさもポイントです。','2022-06-27 07:31:49','oidc|Perman|S16440','2022-06-27 07:31:49','oidc|Perman|S16440'),
	('armGWzPFzGCM20DW3VpzW3',0,'汚れを徹底的に落とす','濃いめのリップやマスカラなどの落ちにくいメイクだけではなく、皮脂や毛穴の汚れもしっかり落とします。','2022-06-24 17:55:26','oidc|Perman|S13797','2022-06-24 17:55:26','oidc|Perman|S13797'),
	('armGWzPFzGCM20DW3VpzW3',1,'とろすべオイル','軽くなでるだけでメイクになじみ、するんとオフができます。\n肌にやさしく心地よい使用感です。','2022-06-24 17:55:26','oidc|Perman|S13797','2022-06-24 17:55:26','oidc|Perman|S13797'),
	('armGWzPFzGCM20DW3VpzW3',2,'バリア機能を守る','肌本来のうるおいを守り、なめらかな素肌になります。','2022-06-24 17:55:26','oidc|Perman|S13797','2022-06-24 17:55:26','oidc|Perman|S13797'),
	('b0Dwq4dLQ6RUj5hSlGWsB2',0,'美容成分99.7％','濃密テクスチャーのひみつは、配合率99.7％の美容成分。「超保湿」「ハリ・弾力」「エイジングケア※1」の多彩な成分が年齢肌に力を与えます。※1　年齢に応じたケア','2022-06-24 20:59:19','oidc|Perman|S17673','2022-06-24 20:59:19','oidc|Perman|S17673'),
	('b0Dwq4dLQ6RUj5hSlGWsB2',1,'ひとつで5役','オールインワンスキンケアの常識を超える抜群のうるおい実感。化粧水・乳液・美容液・クリーム・パックまで、5つの機能をそなえ、シンプルと高保湿を実現！忙しい朝や疲れた夜はこれ一つで手軽にパーフェクトケア。','2022-06-24 20:59:19','oidc|Perman|S17673','2022-06-24 20:59:19','oidc|Perman|S17673'),
	('b0Dwq4dLQ6RUj5hSlGWsB2',2,'ハリネット処方','強い復元力※1を持つハリ成分が、肌の表面にすばやくハリネットを張りめぐらして、ハリのない肌をピーンとひきしめます。肌にハリ・弾力を作り出し、美しいツヤを与える形状記憶ジェルです。※1　商品形状の復元力','2022-06-24 20:59:19','oidc|Perman|S17673','2022-06-24 20:59:19','oidc|Perman|S17673'),
	('BjLpCFnPhWGhm3WSbLB222',0,'ベーシックで上質','一連ネックレスとして着ける以外に、留め具部分を前に持ってきてチェーンを垂らしてY字に着けるのも素敵です。','2022-06-27 07:34:06','oidc|Perman|S16440','2022-06-27 07:34:06','oidc|Perman|S16440'),
	('BjLpCFnPhWGhm3WSbLB222',1,'長さ調節可能','40cm、60cm、75cmの3サイズですが、長さ分のオプションをオーダーいただくとお好きなサイズでお作りできます。','2022-06-27 07:34:06','oidc|Perman|S16440','2022-06-27 07:34:06','oidc|Perman|S16440'),
	('BjLpCFnPhWGhm3WSbLB222',2,'14金ゴールドフィルド','レスブリスが使用しているこだわりの素材です。\n真鍮の芯に14金を圧着したもので、通常の金メッキの100倍も厚い層で作られており、長期間使用していても剥げてくることはほとんどありません。','2022-06-27 07:34:06','oidc|Perman|S16440','2022-06-27 07:34:06','oidc|Perman|S16440'),
	('bkLYmILtlGyUJbOgmPVSC1',0,'お掃除前後の変化','写真付きでお掃除の工程を紹介いただきたいです。','2022-06-27 07:23:40','oidc|Perman|S16440','2022-06-27 07:23:40','oidc|Perman|S16440'),
	('bkLYmILtlGyUJbOgmPVSC1',1,'注文までの詳しい流れ','会員登録からプロの比較、プロとのやりとりなど、体験したことをご紹介ください。','2022-06-27 07:23:40','oidc|Perman|S16440','2022-06-27 07:23:40','oidc|Perman|S16440'),
	('bkLYmILtlGyUJbOgmPVSC1',2,'全額返金保証','仕上がりに満足いただけない場合に、施工日から7日間に限り再施工をユアマイスター負担で行う補償制度です。\n再施工を希望されない場合には作業代金の返金を行います。補償条件は商品説明ページをご確認ください。','2022-06-27 07:23:40','oidc|Perman|S16440','2022-06-27 07:23:40','oidc|Perman|S16440'),
	('cBZVr8lCLqtEi3rYAdVVY2',0,'被るだけで忙しい時も簡単','シンプルなTシャツやニットにかぶってつけるだけでパッとコーデが締まるようなちょっと大ぶりの革紐ネックレスです。','2022-06-27 07:35:29','oidc|Perman|S16440','2022-06-27 07:35:29','oidc|Perman|S16440'),
	('cBZVr8lCLqtEi3rYAdVVY2',1,'程よい存在感','モチーフも革紐も、こだわりは程よい存在感。\nモチーフはさりげないアシンメトリーさがシャープさと柔らかさを備えていて、綺麗めでもカジュアルでもすんなりハマる万能な形になり大満足です。','2022-06-27 07:35:29','oidc|Perman|S16440','2022-06-27 07:35:29','oidc|Perman|S16440'),
	('cBZVr8lCLqtEi3rYAdVVY2',2,'体に馴染む本革','毎日のように身につけるネックレスだから、アラフォー世代にしっくりくる太さと長さに決めました。\n一見黒に見える革紐の色が、実は主張が強すぎずぼんやりしないダークブラウンなのもこだわりです。','2022-06-27 07:35:29','oidc|Perman|S16440','2022-06-27 07:35:29','oidc|Perman|S16440'),
	('D6z85NVyGob2kTkKHjdEYq',0,'にきびを防ぐ鉄則','大人にきびを防ぐ鉄則、やさしく洗う＆しっかり落とすの両立を実現！秘訣は和漢成分紫根※由来のピンクオイル処方！\n※ムラサキ根エキス（整肌成分）','2022-06-24 20:18:08','oidc|Perman|S09477','2022-06-24 20:18:08','oidc|Perman|S09477'),
	('D6z85NVyGob2kTkKHjdEYq',1,'やわらげて溶かす','ピンクオイルが摩擦を抑えながら肌表面をやわらげます。メイクや汚れをなじませ、皮脂や角栓をじんわり溶かします。','2022-06-24 20:18:08','oidc|Perman|S09477','2022-06-24 20:18:08','oidc|Perman|S09477'),
	('D6z85NVyGob2kTkKHjdEYq',2,'汚れをからめとる','ウォータークッションオフ処方により、うるおいを残しながらしっかりと落とします！\nクレンジングをすすぐ際、肌残りもなく、つっぱらないのにスッキリ落とす事ができます。そのためW洗顔も不要です。','2022-06-24 20:18:08','oidc|Perman|S09477','2022-06-24 20:18:08','oidc|Perman|S09477'),
	('DzvoiMaDcqC0HjyWammGw2',0,'デイリーパールネックレス','シンプルなニットやボーダーシャツ、Tシャツなどカジュアルコーデに合わせてみたり、パーカーやトレンチにパールを合わせるなど、カジュアルコーデにパールネックレスを合わせることで女性らしさがプラスされます。','2022-06-27 07:37:51','oidc|Perman|S16440','2022-06-27 07:37:51','oidc|Perman|S16440'),
	('DzvoiMaDcqC0HjyWammGw2',1,'フォーマルにも対応','きちんと見せたい日にもつけられます。\nママとして少しきれいめにしたいなという時にも、パールネックレスはぴったりです。\nセレモニースタイルにパールネックレスはマストアイテムですね。','2022-06-27 07:37:51','oidc|Perman|S16440','2022-06-27 07:37:51','oidc|Perman|S16440'),
	('DzvoiMaDcqC0HjyWammGw2',2,'留め具はマグネット式','マグネット式の留め具で着脱が簡単でママに嬉しい！お出かけ前にさっとつけて、帰宅したらすぐに外せます。','2022-06-27 07:37:51','oidc|Perman|S16440','2022-06-27 07:37:51','oidc|Perman|S16440'),
	('E1QJb5BYYgIaNTOHcx5pu2',0,'あ','あ','2022-06-24 20:59:13','oidc|Perman|S09477','2022-06-24 20:59:13','oidc|Perman|S09477'),
	('E1QJb5BYYgIaNTOHcx5pu2',1,'あ','あ','2022-06-24 20:59:13','oidc|Perman|S09477','2022-06-24 20:59:13','oidc|Perman|S09477'),
	('E1QJb5BYYgIaNTOHcx5pu2',2,'あ','あ','2022-06-24 20:59:13','oidc|Perman|S09477','2022-06-24 20:59:13','oidc|Perman|S09477'),
	('GfdxRG4jLI9GgDDiw0GeI3',0,'美容成分99.7％','濃密テクスチャーのひみつは、配合率99.7％の美容成分。「超保湿」「ハリ・弾力」「エイジングケア※1」の多彩な成分が年齢肌に力を与えます。\n※1年齢に応じたケア','2022-06-24 20:07:51','oidc|Perman|S17673','2022-06-24 20:07:51','oidc|Perman|S17673'),
	('GfdxRG4jLI9GgDDiw0GeI3',1,'ひとつで5役','オールインワンスキンケアの常識を超える抜群のうるおい実感。化粧水・乳液・美容液・クリーム・パックまで、5つの機能を備え、シンプルと高保湿を実現しました。これ1つで手軽にパーフェクトケアが完了します。','2022-06-24 20:07:51','oidc|Perman|S17673','2022-06-24 20:07:51','oidc|Perman|S17673'),
	('GfdxRG4jLI9GgDDiw0GeI3',2,'ハリネット処方','強い復元力※1を持つハリ成分が、肌の表面にすばやくハリネットを張りめぐらして、ハリのない肌をピーンとひきしめます。肌にハリ・弾力を作り出し、美しいツヤを与える形状記憶ジェルです。\n※1商品形状の復元力','2022-06-24 20:07:51','oidc|Perman|S17673','2022-06-24 20:07:51','oidc|Perman|S17673'),
	('GL6GfJ2d5zjmIBisnls6j6',0,'定期初回限定半額','現在、定期便の初回半額のキャンペーンを実施中！\n通常、3,696円のところ1,848円で購入できます。','2022-06-24 18:13:30','oidc|Perman|S13797','2022-06-24 18:13:30','oidc|Perman|S13797'),
	('GL6GfJ2d5zjmIBisnls6j6',1,'トーンアップ効果','軽めのベースメイクを好まれる方やマスクへの色移りが気になる方は注目！\nファンデいらずで、くすみを飛ばしてトーンアップ。\nキレイに仕上がるのにマスクにつきにくい、コロナ禍ならではのお悩みを減らします。','2022-06-24 18:13:30','oidc|Perman|S13797','2022-06-24 18:13:30','oidc|Perman|S13797'),
	('GL6GfJ2d5zjmIBisnls6j6',2,'最先端の光カット機能','最先端の光カット機能を搭載し、紫外線（UVA・UVB）はもちろん、肌の奥深くへ入り込む有害な太陽光（近赤外線・ブルーライト）もしっかりカット。','2022-06-24 18:13:30','oidc|Perman|S13797','2022-06-24 18:13:30','oidc|Perman|S13797'),
	('hK4qoiebpAcEuJPPOwiyy4',0,'あ','あ','2022-06-24 20:58:01','oidc|Perman|S09477','2022-06-24 20:58:01','oidc|Perman|S09477'),
	('hK4qoiebpAcEuJPPOwiyy4',1,'あ','あ','2022-06-24 20:58:01','oidc|Perman|S09477','2022-06-24 20:58:01','oidc|Perman|S09477'),
	('hK4qoiebpAcEuJPPOwiyy4',2,'あ','あ','2022-06-24 20:58:01','oidc|Perman|S09477','2022-06-24 20:58:01','oidc|Perman|S09477'),
	('Ih6N53moxAaTCAHqQRCXW2',0,'華を添えるブローチ','フォーマルシーズンに華を添えるブローチ”が欲しい！というところから\n大好きなきれいめパヴェのモチーフを軸に、バイカラー×サイズ違いで組み合わせの広がるデザインにこだわりました。','2022-06-27 07:30:12','oidc|Perman|S16440','2022-06-27 07:30:12','oidc|Perman|S16440'),
	('Ih6N53moxAaTCAHqQRCXW2',1,'日常使いができるブローチ','華奢なフォルムとさりげない輝きが上品。\nつけるだけで、顔まわりにキラキラがプラスされて、表情まで明るく見えるようで嬉しい！\nフォーマルだけでなくニットやシャツ、カットソーなど、普段使いも楽しめます。','2022-06-27 07:30:12','oidc|Perman|S16440','2022-06-27 07:30:12','oidc|Perman|S16440'),
	('Ih6N53moxAaTCAHqQRCXW2',2,'セットでお得','シルバーの大きめサイズとゴールドの小さめサイズ2種類をご用意しました。セットでオーダーすると通常価格9,000円のところ特別価格7,800円になります。セットでつけるとおしゃれの幅が広がります。','2022-06-27 07:30:12','oidc|Perman|S16440','2022-06-27 07:30:12','oidc|Perman|S16440'),
	('iMBcWE8YGwcIroKJ8YeEI1',0,'天然由来','産後の髪トラブルに悩んだ2児のママが、自身の化粧品や育毛剤開発の経験をもとに開発。敏感な女性の頭皮のこと、小さな子どものことも考え、シャンプーの素材はすべて100％天然由来です。','2022-06-24 20:03:12','oidc|Perman|S09477','2022-06-24 20:03:12','oidc|Perman|S09477'),
	('iMBcWE8YGwcIroKJ8YeEI1',1,'頭皮ケア','ノンシリコンとは思えないほど弾力のある泡が、頭皮に付着した汚れをしっかり除去。\n毎日洗い流すことで失われがちなアミノ酸も配合。\n頭皮の角質層や髪のキューティクルのすきまに浸透し、しっかり保湿します。','2022-06-24 20:03:12','oidc|Perman|S09477','2022-06-24 20:03:12','oidc|Perman|S09477'),
	('iMBcWE8YGwcIroKJ8YeEI1',2,'フケ、かゆみ、臭いケア','フケ菌やかゆみをケアする成分を抽出し配合。\nまた飲むサラダとも呼ばれる「マテ」の発酵液（マテ茶葉発酵液）を配合することで、頭皮のニオイの原因となる皮脂にも働きかけ、気になるニオイをケアします。','2022-06-24 20:03:12','oidc|Perman|S09477','2022-06-24 20:03:12','oidc|Perman|S09477'),
	('jO0SjrLt6bMDazGf90E7U5',0,'14日間の保湿体験','ETVOS初のプレエイジング※保湿ケア\nアルティモイストラインのトライアルキットです。\n※年齢に応じたケア','2022-06-24 20:28:55','oidc|Perman|S09477','2022-06-24 20:28:55','oidc|Perman|S09477'),
	('jO0SjrLt6bMDazGf90E7U5',1,'うるおいに感動する','肌も心も満たされる新保湿体験。うるおいを与え肌を整える保湿サイエンスで、肌悩みにアプローチします。','2022-06-24 20:28:55','oidc|Perman|S09477','2022-06-24 20:28:55','oidc|Perman|S09477'),
	('jO0SjrLt6bMDazGf90E7U5',2,'毎日使うのが楽しみ','つけ心地、使用感、使った後の肌の感想に触れていただきたいです。','2022-06-24 20:28:55','oidc|Perman|S09477','2022-06-24 20:28:55','oidc|Perman|S09477'),
	('juIibODRS64f2Wzc5czYB2',0,'4ステップスキンケア','落とす、整える、潤す、保つの4ステップがこのセットで完了します。','2022-06-24 19:34:38','oidc|Perman|S13797','2022-06-24 19:34:38','oidc|Perman|S13797'),
	('juIibODRS64f2Wzc5czYB2',1,'W洗顔','役割（効果）の異なる自然派由来の2種類の石鹸を使ってダブル洗顔をすることで、汚れを落として肌を滑らかで柔らかく整えます。','2022-06-24 19:34:38','oidc|Perman|S13797','2022-06-24 19:34:38','oidc|Perman|S13797'),
	('juIibODRS64f2Wzc5czYB2',2,'泡','泡立ちの良さ、泡の気持ちよさ、泡の力で汚れが落ちることがポイントです。\n泡の理想はリンゴ１個分の大きさ、気泡の目立たない泡、手を逆さにしても落ちない泡でお願いいたします。','2022-06-24 19:34:38','oidc|Perman|S13797','2022-06-24 19:34:38','oidc|Perman|S13797'),
	('jXSr9nX9TSqUXLiv58qeG6',0,'テストです！','テストテストテストテストテストテストテストテスト','2022-06-27 11:03:30','oidc|Perman|yoshida_tomohiro_gn','2022-06-27 11:03:30','oidc|Perman|yoshida_tomohiro_gn'),
	('jXSr9nX9TSqUXLiv58qeG6',1,'テストです！','テストテストテストテストテストテストテストテストテストテストテストテストテストテストテストテスト','2022-06-27 11:03:30','oidc|Perman|yoshida_tomohiro_gn','2022-06-27 11:03:30','oidc|Perman|yoshida_tomohiro_gn'),
	('KXTRC0fkaPVAq9GYqIHnZk',0,'人気アイテム','「ピアス」「ヘアアクセサリー」「リング・指輪」が人気です！','2022-06-24 17:54:00','oidc|Perman|S13797','2022-06-24 17:54:00','oidc|Perman|S13797'),
	('KXTRC0fkaPVAq9GYqIHnZk',1,'写真撮影のコツ','引きで写真を撮影すると、アクセサリーが視認し辛く、ユーザーの反応が薄くなるため、アクセサリーが視認できるくらいの寄りで、コーディネート写真を掲載すると反応が良いです。','2022-06-24 17:54:00','oidc|Perman|S13797','2022-06-24 17:54:00','oidc|Perman|S13797'),
	('KXTRC0fkaPVAq9GYqIHnZk',2,'写真例','ヘアアクセサリーは実際にアイテムを使ったヘアアレンジの写真を載せると惹きが強いです！\nリングは複数種類のリングを重ね付けした写真がおしゃれに見えてGOOD。','2022-06-24 17:54:00','oidc|Perman|S13797','2022-06-24 17:54:00','oidc|Perman|S13797'),
	('MACsfPusF1RloCYMn4Eki1',0,'日常でも使いやすい','当店ジュエリーを使用したコーデ（どんなコーデにおススメか）の紹介をお願いします','2022-06-24 17:55:44','oidc|Perman|S13797','2022-06-24 17:55:44','oidc|Perman|S13797'),
	('MACsfPusF1RloCYMn4Eki1',1,'上質な輝き','石のついたアイテムの場合は輝きの美しさについても触れていただくと嬉しいです','2022-06-24 17:55:44','oidc|Perman|S13797','2022-06-24 17:55:44','oidc|Perman|S13797'),
	('MACsfPusF1RloCYMn4Eki1',2,'シンプルなデザイン','飽きのこないシンプルなデザイン、サイズ感です','2022-06-24 17:55:44','oidc|Perman|S13797','2022-06-24 17:55:44','oidc|Perman|S13797'),
	('MCAfyFfd7JcZOfV8eXvX12',0,'４つの栄養素を配合','毎日の食事では不足しがちなマグネシウム（100㎎）カルシウム（100㎎）ビタミンB6（20㎎）亜鉛（12㎎）を配合。毎月の変調に悩む女性に意識して摂っていただきたい栄養素をしっかり補うことができます。','2022-06-24 17:53:38','oidc|Perman|S13797','2022-06-24 17:53:38','oidc|Perman|S13797'),
	('MCAfyFfd7JcZOfV8eXvX12',1,'産婦人科医監修','女性支援医療の第一人者である産婦人科医の対馬ルリ子医師の監修のもと、女性にとって必要な成分を継続的に摂取できるよう、医学的アドバイスを取り入れながら現代女性に合った商品開発を行っております。','2022-06-24 17:53:38','oidc|Perman|S13797','2022-06-24 17:53:38','oidc|Perman|S13797'),
	('MCAfyFfd7JcZOfV8eXvX12',2,'飲みやすくシンプル','毎日ストレスなく続けていただけるよう、１粒直径８㎜の小粒設計にこだわりました。また、手元に置いておきたくなるようなインテリアにとけこむパッケージデザインも追求しています。','2022-06-24 17:53:38','oidc|Perman|S13797','2022-06-24 17:53:38','oidc|Perman|S13797'),
	('MPUPMwX2Hb7tSKLUunzSN6',0,'シワ改善','有効成分ナイアシンアミドが角質層に働きかけ、コラーゲンを産生しシワを改善します。','2022-06-24 19:15:26','oidc|Perman|S09477','2022-06-24 19:15:26','oidc|Perman|S09477'),
	('MPUPMwX2Hb7tSKLUunzSN6',1,'トリプルハリ肌成分','エクトイン、適応型コラーゲンα、月見草エキスのトリプルハリ成分がコラーゲンを産生して肌を満たします。','2022-06-24 19:15:26','oidc|Perman|S09477','2022-06-24 19:15:26','oidc|Perman|S09477'),
	('MPUPMwX2Hb7tSKLUunzSN6',2,'ダメージから肌を守る','シソ葉エキス、スイートピー花エキスの2つの成分がダメージから肌を守り、ストレスに負けない強い肌へ。','2022-06-24 19:15:26','oidc|Perman|S09477','2022-06-24 19:15:26','oidc|Perman|S09477'),
	('MQ3TSPIDYtRpqwYMorU8N2',0,'※削除※','※削除※','2022-06-24 21:00:59','oidc|Perman|S09477','2022-06-24 21:00:59','oidc|Perman|S09477'),
	('pPuSraBWumVYizdLFGWRN6',0,'あ','あ','2022-06-24 20:55:28','oidc|Perman|S09477','2022-06-24 20:55:28','oidc|Perman|S09477'),
	('pPuSraBWumVYizdLFGWRN6',1,'あ','あ','2022-06-24 20:55:28','oidc|Perman|S09477','2022-06-24 20:55:28','oidc|Perman|S09477'),
	('pPuSraBWumVYizdLFGWRN6',2,'あ','あ','2022-06-24 20:55:28','oidc|Perman|S09477','2022-06-24 20:55:28','oidc|Perman|S09477'),
	('qgG17blKoGDQ0sDMVTs1b3',0,'温感クレンジングゲル','温感クレンジングゲルで古い角質や汚れを落とすことで、ハリと透明感のあるお肌へ。','2022-06-24 18:56:30','oidc|Perman|S13797','2022-06-24 18:56:30','oidc|Perman|S13797'),
	('qgG17blKoGDQ0sDMVTs1b3',1,'パワーアップ','パワーアップした極小マイクロゲルと極小シュガーオイルで毛穴の奥から汚れを落とします。','2022-06-24 18:56:30','oidc|Perman|S13797','2022-06-24 18:56:30','oidc|Perman|S13797'),
	('qgG17blKoGDQ0sDMVTs1b3',2,'美容液成分','91.3％が美容液成分でできているので必要なうるおいは肌に残します。\n定期便は約2か月分で3,344円なので、一か月あたり1,672円なのでコスパも良いです。','2022-06-24 18:56:30','oidc|Perman|S13797','2022-06-24 18:56:30','oidc|Perman|S13797'),
	('tYh2AwhJkmi6BYptEJEJo2',0,'指に沿う美しいデザイン','人気のパールが３つ並ぶデザインを活かしつつ、指にしなやかに沿ったラウンドの形状にすることで、さらにつけ心地がよく、見た目も美しく進化しました。','2022-06-27 07:29:15','oidc|Perman|S16440','2022-06-27 07:29:15','oidc|Perman|S16440'),
	('tYh2AwhJkmi6BYptEJEJo2',1,'上質で扱いやすいパール','プラスチックパールの一段上を行くクオリティのガラスパールで、表面のきめ細かいパール感と高級感がUPしました。着用時のバランスにもこだわり、より上品に見えるベストなサイズ感に仕上がりました。','2022-06-27 07:29:15','oidc|Perman|S16440','2022-06-27 07:29:15','oidc|Perman|S16440'),
	('tYh2AwhJkmi6BYptEJEJo2',2,'強度が増し軽量化','フリーサイズの曲げ伸ばしをしても耐えられるよう強度を上げました。デザインを損なわないように絶妙なバランス感で調整したので見た目も美しい！軽量化により長い時間の着用にもよりストレスが無くなりました！','2022-06-27 07:29:15','oidc|Perman|S16440','2022-06-27 07:29:15','oidc|Perman|S16440'),
	('WEzFhgdvPVFeCRTUZ9Nwk4',0,'日常でも使いやすい','当店ジュエリーを使用したコーデ（どんなコーデにおススメか）の紹介をお願いします。','2022-06-24 20:36:18','oidc|Perman|S09477','2022-06-24 20:36:18','oidc|Perman|S09477'),
	('WEzFhgdvPVFeCRTUZ9Nwk4',1,'上質な輝き','石のついたアイテムの場合は輝きの美しさについても触れていただくと嬉しいです。','2022-06-24 20:36:18','oidc|Perman|S09477','2022-06-24 20:36:18','oidc|Perman|S09477'),
	('WEzFhgdvPVFeCRTUZ9Nwk4',2,'シンプルなデザイン','飽きのこないシンプルなデザイン、サイズ感です。','2022-06-24 20:36:18','oidc|Perman|S09477','2022-06-24 20:36:18','oidc|Perman|S09477'),
	('wezm4nbhCkp0kEYgc0Vjk2',0,'日常でも使いやすい','当店ジュエリーを使用したコーデ（どんなコーデにおススメか）の紹介をお願いします。','2022-06-24 18:04:28','oidc|Perman|S13797','2022-06-24 18:04:28','oidc|Perman|S13797'),
	('wezm4nbhCkp0kEYgc0Vjk2',1,'上質な輝き','石のついたアイテムの場合は、輝きの美しさについても触れていただくと嬉しいです。','2022-06-24 18:04:28','oidc|Perman|S13797','2022-06-24 18:04:28','oidc|Perman|S13797'),
	('wezm4nbhCkp0kEYgc0Vjk2',2,'シンプルなデザイン','飽きのこないシンプルなデザイン、サイズ感です。','2022-06-24 18:04:28','oidc|Perman|S13797','2022-06-24 18:04:28','oidc|Perman|S13797'),
	('xKC5lJabxw0pekV82moys2',0,'ホースシュー','ホースシューは幸運を招くラッキーモチーフです。\nHanaさんとレスブリスから、毎日がんばるママ達に少しですがエールを送れたらいいな。という思いが込められています。','2022-06-27 07:34:44','oidc|Perman|S16440','2022-06-27 07:34:44','oidc|Perman|S16440'),
	('xKC5lJabxw0pekV82moys2',1,'美しいシルエット','女性らしい美しいシルエットにこだわり、洗練された曲線を基調に、開口部の開き具合や先端の形状まで細かくデザインしました。また、角に丸みを持たせることでツヤ感を演出しています。','2022-06-27 07:34:44','oidc|Perman|S16440','2022-06-27 07:34:44','oidc|Perman|S16440'),
	('xKC5lJabxw0pekV82moys2',2,'ちょうど良いボリューム感','華奢というイメージから抜け出して、ボリューム感のあるアクセサリーにチャレンジしました。\n大きすぎず普段使いしやすい「ちょうど良い」バランスに仕上がっています。','2022-06-27 07:34:44','oidc|Perman|S16440','2022-06-27 07:34:44','oidc|Perman|S16440'),
	('yrtRRBDJCskXQkna2IfzL6',0,'人気アイテムが試せる','人気アイテムが試せるスペシャルキットです。クレンジング不要のミネラルメイク、上質なカブキブラシ、新商品のスキンケア、化粧下地が試せます。','2022-06-24 17:56:32','oidc|Perman|S13797','2022-06-24 17:56:32','oidc|Perman|S13797'),
	('yrtRRBDJCskXQkna2IfzL6',1,'クレンジング不要','クレンジング不要のミネラルメイクとセラミド保湿ケアで、セラミドを守り補う、素肌を美しくするスペシャルキットです。','2022-06-24 17:56:32','oidc|Perman|S13797','2022-06-24 17:56:32','oidc|Perman|S13797'),
	('yrtRRBDJCskXQkna2IfzL6',2,'ふんわり軽いつけ心地','つけ心地、使用感、使った後の肌の感想に触れていただきたいです。','2022-06-24 17:56:32','oidc|Perman|S13797','2022-06-24 17:56:32','oidc|Perman|S13797'),
	('z6gzeE5p7qdhu8FJTn7rH1',0,'0〜4歳のお子さまへ','0〜4歳のお子さまをお持ちのママパパさん、一回きりのチャンスです！\n人気ママタレントの小倉優子さんも愛用している英語教材、ディズニー英語システムの無料サンプルと、お風呂でABCポスターがもらえます。','2022-06-24 17:57:03','oidc|Perman|S13797','2022-06-24 17:57:03','oidc|Perman|S13797'),
	('z6gzeE5p7qdhu8FJTn7rH1',1,'遊びながら英語が身に付く','ディズニーキャラクターがかわいい、楽しいだけでなく、教材を使った英語のインプットや、ネイティブの先生と実際にアウトプットできる機会の提供があるからこそ、一生ものの英語力を身につけることができます。','2022-06-24 17:57:03','oidc|Perman|S13797','2022-06-24 17:57:03','oidc|Perman|S13797'),
	('z6gzeE5p7qdhu8FJTn7rH1',2,'1日1時間','映像、音楽、絵本などの全ての教材が連動しています！言語習得には約2000時間のインプットが必要と言われてますが、DWEならお家で好きな時に英語に触れらます。0歳から1日1時間続けると6歳でペラペラに！','2022-06-24 17:57:03','oidc|Perman|S13797','2022-06-24 17:57:03','oidc|Perman|S13797');

/*!40000 ALTER TABLE `item_pr` ENABLE KEYS */;
UNLOCK TABLES;


# テーブルのダンプ request
# ------------------------------------------------------------



# テーブルのダンプ request_target
# ------------------------------------------------------------

LOCK TABLES `request_target` WRITE;
/*!40000 ALTER TABLE `request_target` DISABLE KEYS */;

INSERT INTO `request_target` (`special_select_item_id`, `affiliator_id`, `ameba_id`, `created_at`, `created_by`, `updated_at`, `updated_by`)
VALUES
	('iMBcWE8YGwcIroKJ8YeEI1','2fmuiel7W12RlcSvld94s2','soratokaitekutoyobu','2022-06-24 20:03:13','oidc|Perman|S09477','2022-06-24 20:03:13','oidc|Perman|S09477'),
	('iMBcWE8YGwcIroKJ8YeEI1','3kK55HZVg3H1uL7mYujhv5','toyopipon','2022-06-24 20:03:13','oidc|Perman|S09477','2022-06-24 20:03:13','oidc|Perman|S09477'),
	('iMBcWE8YGwcIroKJ8YeEI1','4Lfgv19RGuIGMZkuP0yOG6','kesiki1216','2022-06-24 20:03:13','oidc|Perman|S09477','2022-06-24 20:03:13','oidc|Perman|S09477'),
	('iMBcWE8YGwcIroKJ8YeEI1','4Ohl38wvJ9Y4siias8ztj4','thinnerthinner','2022-06-24 20:03:12','oidc|Perman|S09477','2022-06-24 20:03:12','oidc|Perman|S09477'),
	('iMBcWE8YGwcIroKJ8YeEI1','5eDrQoQZvPJPT6qUes3dA1','bistromayumi','2022-06-24 20:03:13','oidc|Perman|S09477','2022-06-24 20:03:13','oidc|Perman|S09477'),
	('iMBcWE8YGwcIroKJ8YeEI1','5qGokupN2Uy7r7NO6VRXc5','chocolat-felicite','2022-06-24 20:03:13','oidc|Perman|S09477','2022-06-24 20:03:13','oidc|Perman|S09477'),
	('iMBcWE8YGwcIroKJ8YeEI1','6RiE7MhZqAaCzqKBCtpSU5','uknowpeach','2022-06-24 20:03:13','oidc|Perman|S09477','2022-06-24 20:03:13','oidc|Perman|S09477'),
	('iMBcWE8YGwcIroKJ8YeEI1','7T5Z8PhyDZkpvrFr5uDbT4','hiromin-yuki','2022-06-24 20:03:12','oidc|Perman|S09477','2022-06-24 20:03:12','oidc|Perman|S09477'),
	('iMBcWE8YGwcIroKJ8YeEI1','8DwZ7nW8CSI2RFslIhKHb3','brown-black-xoxo','2022-06-24 20:03:13','oidc|Perman|S09477','2022-06-24 20:03:13','oidc|Perman|S09477'),
	('iMBcWE8YGwcIroKJ8YeEI1','8KZ8cSoPWkENEb3WTk2Tyc','mmdisneymm','2022-06-24 20:03:13','oidc|Perman|S09477','2022-06-24 20:03:13','oidc|Perman|S09477'),
	('iMBcWE8YGwcIroKJ8YeEI1','8P3sOyW2hZKCzMVLgYGzTf','paasutukurimasu','2022-06-24 20:03:13','oidc|Perman|S09477','2022-06-24 20:03:13','oidc|Perman|S09477'),
	('iMBcWE8YGwcIroKJ8YeEI1','9VYJuERxn6U1eqE80sCO85','rinmam','2022-06-24 20:03:13','oidc|Perman|S09477','2022-06-24 20:03:13','oidc|Perman|S09477'),
	('iMBcWE8YGwcIroKJ8YeEI1','Al7sM7aoqboGs1aFxYsug2','ourbabydiary','2022-06-24 20:03:13','oidc|Perman|S09477','2022-06-24 20:03:13','oidc|Perman|S09477'),
	('iMBcWE8YGwcIroKJ8YeEI1','AX9tRkWq3p7vrnTrHOZZH3','echaochao','2022-06-24 20:03:13','oidc|Perman|S09477','2022-06-24 20:03:13','oidc|Perman|S09477'),
	('iMBcWE8YGwcIroKJ8YeEI1','AyivONTpwIP9saCIfrw8d3','fpstyle','2022-06-24 20:03:13','oidc|Perman|S09477','2022-06-24 20:03:13','oidc|Perman|S09477'),
	('iMBcWE8YGwcIroKJ8YeEI1','b1HXYNhiYfw7gARQNff4b1','rikako40','2022-06-24 20:03:12','oidc|Perman|S09477','2022-06-24 20:03:12','oidc|Perman|S09477'),
	('iMBcWE8YGwcIroKJ8YeEI1','boW7upE0XuC47FMItyTxe1','1919wonderland','2022-06-24 20:03:13','oidc|Perman|S09477','2022-06-24 20:03:13','oidc|Perman|S09477'),
	('iMBcWE8YGwcIroKJ8YeEI1','byv1dHGIYHJrMWOSPlo506','sentaku8','2022-06-24 20:03:13','oidc|Perman|S09477','2022-06-24 20:03:13','oidc|Perman|S09477'),
	('iMBcWE8YGwcIroKJ8YeEI1','BzuciFoR4Sqpy8CYtO1j44','egaogakawaii88','2022-06-24 20:03:13','oidc|Perman|S09477','2022-06-24 20:03:13','oidc|Perman|S09477'),
	('iMBcWE8YGwcIroKJ8YeEI1','cNQOaMOvkCUciENEvoL0E4','loto0520','2022-06-24 20:03:13','oidc|Perman|S09477','2022-06-24 20:03:13','oidc|Perman|S09477'),
	('iMBcWE8YGwcIroKJ8YeEI1','cqKO9p2PshJBS7ketasIb4','sei-boiboi','2022-06-24 20:03:12','oidc|Perman|S09477','2022-06-24 20:03:12','oidc|Perman|S09477'),
	('iMBcWE8YGwcIroKJ8YeEI1','D4fVl3SJkBpayW0F6ocvt7','charo0930','2022-06-24 20:03:13','oidc|Perman|S09477','2022-06-24 20:03:13','oidc|Perman|S09477'),
	('iMBcWE8YGwcIroKJ8YeEI1','D8TfSMODmQNm0KLsSBAL21','hana-nya-7','2022-06-24 20:03:12','oidc|Perman|S09477','2022-06-24 20:03:12','oidc|Perman|S09477'),
	('iMBcWE8YGwcIroKJ8YeEI1','e1peKdIwZRzhkRkWA3Tfb5','miyaho23','2022-06-24 20:03:13','oidc|Perman|S09477','2022-06-24 20:03:13','oidc|Perman|S09477'),
	('iMBcWE8YGwcIroKJ8YeEI1','E6MDbFdPDDksE1YxT23gU6','monaka6868','2022-06-24 20:03:13','oidc|Perman|S09477','2022-06-24 20:03:13','oidc|Perman|S09477'),
	('iMBcWE8YGwcIroKJ8YeEI1','E7yGX243opWL1iXYHA81KA','chiachi10jyu','2022-06-24 20:03:13','oidc|Perman|S09477','2022-06-24 20:03:13','oidc|Perman|S09477'),
	('iMBcWE8YGwcIroKJ8YeEI1','eCapF6Fos8WUgJmev4MAMc','kurochan20030113','2022-06-24 20:03:13','oidc|Perman|S09477','2022-06-24 20:03:13','oidc|Perman|S09477'),
	('iMBcWE8YGwcIroKJ8YeEI1','eFPu8lhmux9glGrPOaevV2','jphotostyling','2022-06-24 20:03:12','oidc|Perman|S09477','2022-06-24 20:03:12','oidc|Perman|S09477'),
	('iMBcWE8YGwcIroKJ8YeEI1','EXENduJTcej9yVYKT637J5','okanaru828','2022-06-24 20:03:13','oidc|Perman|S09477','2022-06-24 20:03:13','oidc|Perman|S09477'),
	('iMBcWE8YGwcIroKJ8YeEI1','f308fMOp4n30WXBo7iYZdD','3352048','2022-06-24 20:03:13','oidc|Perman|S09477','2022-06-24 20:03:13','oidc|Perman|S09477'),
	('iMBcWE8YGwcIroKJ8YeEI1','FhaE0SoFY4ms0O9GwDy5z6','momonodo','2022-06-24 20:03:12','oidc|Perman|S09477','2022-06-24 20:03:12','oidc|Perman|S09477'),
	('iMBcWE8YGwcIroKJ8YeEI1','FICJnIx2cqOBYltZKQeYP2','ruu-blog','2022-06-24 20:03:13','oidc|Perman|S09477','2022-06-24 20:03:13','oidc|Perman|S09477'),
	('iMBcWE8YGwcIroKJ8YeEI1','FoC5wadNymbhh4870bcqU3','eming-k','2022-06-24 20:03:13','oidc|Perman|S09477','2022-06-24 20:03:13','oidc|Perman|S09477'),
	('iMBcWE8YGwcIroKJ8YeEI1','FulqppBarZgrobvobbQRI2','niyome','2022-06-24 20:03:13','oidc|Perman|S09477','2022-06-24 20:03:13','oidc|Perman|S09477'),
	('iMBcWE8YGwcIroKJ8YeEI1','fxX4d1rxZio3NbsKwncfP5','socchidiary','2022-06-24 20:03:12','oidc|Perman|S09477','2022-06-24 20:03:12','oidc|Perman|S09477'),
	('iMBcWE8YGwcIroKJ8YeEI1','G2YddZvvQpAArkdJkjnU04','peace40','2022-06-24 20:03:13','oidc|Perman|S09477','2022-06-24 20:03:13','oidc|Perman|S09477'),
	('iMBcWE8YGwcIroKJ8YeEI1','GbbuNgkknn6elR7mPrAlw6','naotoshio','2022-06-24 20:03:13','oidc|Perman|S09477','2022-06-24 20:03:13','oidc|Perman|S09477'),
	('iMBcWE8YGwcIroKJ8YeEI1','gNdgQ62JSwNhVxzR7Iome6','smk-blog','2022-06-24 20:03:13','oidc|Perman|S09477','2022-06-24 20:03:13','oidc|Perman|S09477'),
	('iMBcWE8YGwcIroKJ8YeEI1','gXPSEoA3Pq3KgvP2D459x3','reireireipyon','2022-06-24 20:03:13','oidc|Perman|S09477','2022-06-24 20:03:13','oidc|Perman|S09477'),
	('iMBcWE8YGwcIroKJ8YeEI1','gzRcFPx0EISFysw0DxOl27','yuukanmadam','2022-06-24 20:03:13','oidc|Perman|S09477','2022-06-24 20:03:13','oidc|Perman|S09477'),
	('iMBcWE8YGwcIroKJ8YeEI1','h7HbH2kmY32SexA24c1PK6','tarako320','2022-06-24 20:03:12','oidc|Perman|S09477','2022-06-24 20:03:12','oidc|Perman|S09477'),
	('iMBcWE8YGwcIroKJ8YeEI1','hMWxMfMPXBK9P1wYWzcE5M','coco-eririko','2022-06-24 20:03:12','oidc|Perman|S09477','2022-06-24 20:03:12','oidc|Perman|S09477'),
	('iMBcWE8YGwcIroKJ8YeEI1','hP41pRhbdFkUimzyM4U7G4','mammy-boco','2022-06-24 20:03:13','oidc|Perman|S09477','2022-06-24 20:03:13','oidc|Perman|S09477'),
	('iMBcWE8YGwcIroKJ8YeEI1','HSKYpxvuOgsxHiEPBeTEq5','lanlanleaf','2022-06-24 20:03:13','oidc|Perman|S09477','2022-06-24 20:03:13','oidc|Perman|S09477'),
	('iMBcWE8YGwcIroKJ8YeEI1','hyAEHCtYwByi6kHb2xsDQ3','seikeidesiawaseni','2022-06-24 20:03:13','oidc|Perman|S09477','2022-06-24 20:03:13','oidc|Perman|S09477'),
	('iMBcWE8YGwcIroKJ8YeEI1','IhMKpaSSqsCaGMJLBVirf5','kurimama2013','2022-06-24 20:03:12','oidc|Perman|S09477','2022-06-24 20:03:12','oidc|Perman|S09477'),
	('iMBcWE8YGwcIroKJ8YeEI1','Ijp7tmU1FyuUIEdAOqwex4','heyomeme','2022-06-24 20:03:13','oidc|Perman|S09477','2022-06-24 20:03:13','oidc|Perman|S09477'),
	('iMBcWE8YGwcIroKJ8YeEI1','iR1cGsYbwuW1pCtJFExZC2','marivoo','2022-06-24 20:03:12','oidc|Perman|S09477','2022-06-24 20:03:12','oidc|Perman|S09477'),
	('iMBcWE8YGwcIroKJ8YeEI1','iSZ4A7MwWKEA12rDjaHPK6','yu-0303-ki','2022-06-24 20:03:13','oidc|Perman|S09477','2022-06-24 20:03:13','oidc|Perman|S09477'),
	('iMBcWE8YGwcIroKJ8YeEI1','J5N2s0vxPLVsszyEoo2C03','fuku-0809','2022-06-24 20:03:12','oidc|Perman|S09477','2022-06-24 20:03:12','oidc|Perman|S09477'),
	('iMBcWE8YGwcIroKJ8YeEI1','JBEWah6jm3AHhBHwnOXYI4','mamatomokowai','2022-06-24 20:03:13','oidc|Perman|S09477','2022-06-24 20:03:13','oidc|Perman|S09477'),
	('iMBcWE8YGwcIroKJ8YeEI1','jEFuoMpc5THQqSoBx08Nl3','yukitanoyonkoma','2022-06-24 20:03:13','oidc|Perman|S09477','2022-06-24 20:03:13','oidc|Perman|S09477'),
	('iMBcWE8YGwcIroKJ8YeEI1','JNzgd2xBGjYtxieL5h30P3','honeyhoneydip','2022-06-24 20:03:13','oidc|Perman|S09477','2022-06-24 20:03:13','oidc|Perman|S09477'),
	('iMBcWE8YGwcIroKJ8YeEI1','JSCV2T1mF04PQQ9PIMQgA4','kitapuri','2022-06-24 20:03:13','oidc|Perman|S09477','2022-06-24 20:03:13','oidc|Perman|S09477'),
	('iMBcWE8YGwcIroKJ8YeEI1','l4wS7dcVsGBCwZBJmoqWUo','erincolife','2022-06-24 20:03:12','oidc|Perman|S09477','2022-06-24 20:03:12','oidc|Perman|S09477'),
	('iMBcWE8YGwcIroKJ8YeEI1','LwimIlkNTiwZy9sDauFXZ6','beautifulskinwife','2022-06-24 20:03:13','oidc|Perman|S09477','2022-06-24 20:03:13','oidc|Perman|S09477'),
	('iMBcWE8YGwcIroKJ8YeEI1','mfaYc4uYTKK8oMldZpSG65','yukikoismart','2022-06-24 20:03:12','oidc|Perman|S09477','2022-06-24 20:03:12','oidc|Perman|S09477'),
	('iMBcWE8YGwcIroKJ8YeEI1','MnZ1nX630124hXGcSC0QU3','rico-s-blog','2022-06-24 20:03:13','oidc|Perman|S09477','2022-06-24 20:03:13','oidc|Perman|S09477'),
	('iMBcWE8YGwcIroKJ8YeEI1','nexzwAUpigZQzTopBzHlNC','mm20100707','2022-06-24 20:03:13','oidc|Perman|S09477','2022-06-24 20:03:13','oidc|Perman|S09477'),
	('iMBcWE8YGwcIroKJ8YeEI1','O7byo2fa4aKnHtVtOJTZS6','kumizo610813','2022-06-24 20:03:13','oidc|Perman|S09477','2022-06-24 20:03:13','oidc|Perman|S09477'),
	('iMBcWE8YGwcIroKJ8YeEI1','P8gR9Exb0uUikOFgMOkpg1','61680318','2022-06-24 20:03:12','oidc|Perman|S09477','2022-06-24 20:03:12','oidc|Perman|S09477'),
	('iMBcWE8YGwcIroKJ8YeEI1','PAivcKjoQdtWpnSxSEZ7J7','werrose88','2022-06-24 20:03:13','oidc|Perman|S09477','2022-06-24 20:03:13','oidc|Perman|S09477'),
	('iMBcWE8YGwcIroKJ8YeEI1','PQv00OND6qGq7tPF4vAdS2','chunta-2011','2022-06-24 20:03:12','oidc|Perman|S09477','2022-06-24 20:03:12','oidc|Perman|S09477'),
	('iMBcWE8YGwcIroKJ8YeEI1','pRZsXMdGgx5WfGJiBXXwt4','yukihomelife','2022-06-24 20:03:12','oidc|Perman|S09477','2022-06-24 20:03:12','oidc|Perman|S09477'),
	('iMBcWE8YGwcIroKJ8YeEI1','PsNCWFY4Fdi865g5DcQAo7','dekkaiossan9','2022-06-24 20:03:13','oidc|Perman|S09477','2022-06-24 20:03:13','oidc|Perman|S09477'),
	('iMBcWE8YGwcIroKJ8YeEI1','PWKLBceLdysDz1WEru5Qe6','aiai987654','2022-06-24 20:03:13','oidc|Perman|S09477','2022-06-24 20:03:13','oidc|Perman|S09477'),
	('iMBcWE8YGwcIroKJ8YeEI1','QGzYAn9BARgrZMotD3cj07','aya21-0921','2022-06-24 20:03:12','oidc|Perman|S09477','2022-06-24 20:03:12','oidc|Perman|S09477'),
	('iMBcWE8YGwcIroKJ8YeEI1','QIWxbkGqJGaE4FhwNElfe4','france-lifestyle2','2022-06-24 20:03:13','oidc|Perman|S09477','2022-06-24 20:03:13','oidc|Perman|S09477'),
	('iMBcWE8YGwcIroKJ8YeEI1','qTluyf4Ofs1giso31H3SM4','xo-glitter-xo','2022-06-24 20:03:13','oidc|Perman|S09477','2022-06-24 20:03:13','oidc|Perman|S09477'),
	('iMBcWE8YGwcIroKJ8YeEI1','R34Fqca6aVGLifc5VL1fL6','mamaruru-marumaru','2022-06-24 20:03:13','oidc|Perman|S09477','2022-06-24 20:03:13','oidc|Perman|S09477'),
	('iMBcWE8YGwcIroKJ8YeEI1','rTLXKzdntZwi0872QGIZI1','riona0777','2022-06-24 20:03:12','oidc|Perman|S09477','2022-06-24 20:03:12','oidc|Perman|S09477'),
	('iMBcWE8YGwcIroKJ8YeEI1','SYeQ4akYeOo9cR7ijXx1z6','kotohomegogo','2022-06-24 20:03:13','oidc|Perman|S09477','2022-06-24 20:03:13','oidc|Perman|S09477'),
	('iMBcWE8YGwcIroKJ8YeEI1','t0gjWp3oypxNBc4VxS5Vm5','4enjoylife','2022-06-24 20:03:12','oidc|Perman|S09477','2022-06-24 20:03:12','oidc|Perman|S09477'),
	('iMBcWE8YGwcIroKJ8YeEI1','TsAeCFTNLoUDN6eZ6fxol4','waimanalobeach','2022-06-24 20:03:13','oidc|Perman|S09477','2022-06-24 20:03:13','oidc|Perman|S09477'),
	('iMBcWE8YGwcIroKJ8YeEI1','us4ydGgDd4PA4Y2Pud4Os3','tokyo-morning-biyori','2022-06-24 20:03:13','oidc|Perman|S09477','2022-06-24 20:03:13','oidc|Perman|S09477'),
	('iMBcWE8YGwcIroKJ8YeEI1','UZ7z0bwW5NJTWXe1Lqtma2','gyugira555','2022-06-24 20:03:13','oidc|Perman|S09477','2022-06-24 20:03:13','oidc|Perman|S09477'),
	('iMBcWE8YGwcIroKJ8YeEI1','uZj6jz6lWw6R0X4SD2meJ1','otta3','2022-06-24 20:03:12','oidc|Perman|S09477','2022-06-24 20:03:12','oidc|Perman|S09477'),
	('iMBcWE8YGwcIroKJ8YeEI1','vetVoz63DehyIPLcroMvx1','rosemarimekko','2022-06-24 20:03:12','oidc|Perman|S09477','2022-06-24 20:03:12','oidc|Perman|S09477'),
	('iMBcWE8YGwcIroKJ8YeEI1','VG4O7suO0OS8zR3l48uhg3','19791225mk','2022-06-24 20:03:13','oidc|Perman|S09477','2022-06-24 20:03:13','oidc|Perman|S09477'),
	('iMBcWE8YGwcIroKJ8YeEI1','VhVRrI7c82L1ZO6npHiDl4','chicchi-2020','2022-06-24 20:03:13','oidc|Perman|S09477','2022-06-24 20:03:13','oidc|Perman|S09477'),
	('iMBcWE8YGwcIroKJ8YeEI1','VL5tlit6lW33VddxM5tvn5','urashimajiro','2022-06-24 20:03:13','oidc|Perman|S09477','2022-06-24 20:03:13','oidc|Perman|S09477'),
	('iMBcWE8YGwcIroKJ8YeEI1','Vrg7j5hh6HXaeb302KAzS5','yumy-shanghai','2022-06-24 20:03:12','oidc|Perman|S09477','2022-06-24 20:03:12','oidc|Perman|S09477'),
	('iMBcWE8YGwcIroKJ8YeEI1','vSsIsx7QBjUODNKvjm9O67','mo20070826','2022-06-24 20:03:13','oidc|Perman|S09477','2022-06-24 20:03:13','oidc|Perman|S09477'),
	('iMBcWE8YGwcIroKJ8YeEI1','VxJ1Wz8OI0wI9sjTilpho4','neko--oyaji','2022-06-24 20:03:13','oidc|Perman|S09477','2022-06-24 20:03:13','oidc|Perman|S09477'),
	('iMBcWE8YGwcIroKJ8YeEI1','VZWpT1dm6DOMsI2HUAI1M4','sayuridayo88','2022-06-24 20:03:13','oidc|Perman|S09477','2022-06-24 20:03:13','oidc|Perman|S09477'),
	('iMBcWE8YGwcIroKJ8YeEI1','WcZTBAfWSFpx9t1CVJa2z5','z-mday','2022-06-24 20:03:13','oidc|Perman|S09477','2022-06-24 20:03:13','oidc|Perman|S09477'),
	('iMBcWE8YGwcIroKJ8YeEI1','WRTBC0joSPKIxUJhZJOUo4','arata201257','2022-06-24 20:03:13','oidc|Perman|S09477','2022-06-24 20:03:13','oidc|Perman|S09477'),
	('iMBcWE8YGwcIroKJ8YeEI1','X2nLL6MI12ETUE8fQ9gH3B','love-marune','2022-06-24 20:03:13','oidc|Perman|S09477','2022-06-24 20:03:13','oidc|Perman|S09477'),
	('iMBcWE8YGwcIroKJ8YeEI1','XFNyILWFHS772A6aHcQEv2','leerue11','2022-06-24 20:03:13','oidc|Perman|S09477','2022-06-24 20:03:13','oidc|Perman|S09477'),
	('iMBcWE8YGwcIroKJ8YeEI1','xhsdpfM5iuj1igPzjxXmB7','papipapi12345','2022-06-24 20:03:13','oidc|Perman|S09477','2022-06-24 20:03:13','oidc|Perman|S09477'),
	('iMBcWE8YGwcIroKJ8YeEI1','ZAcATmDq9kseQaTmYNzvp4','01120725','2022-06-24 20:03:12','oidc|Perman|S09477','2022-06-24 20:03:12','oidc|Perman|S09477'),
	('iMBcWE8YGwcIroKJ8YeEI1','ZFpoNvdiPQNjQanokyyHx3','brille-brille','2022-06-24 20:03:13','oidc|Perman|S09477','2022-06-24 20:03:13','oidc|Perman|S09477'),
	('iMBcWE8YGwcIroKJ8YeEI1','zh9mP1adrvbs9IFy224gn5','tadasuki123','2022-06-24 20:03:12','oidc|Perman|S09477','2022-06-24 20:03:12','oidc|Perman|S09477'),
	('juIibODRS64f2Wzc5czYB2','2fmuiel7W12RlcSvld94s2','soratokaitekutoyobu','2022-06-24 19:34:38','oidc|Perman|S13797','2022-06-24 19:34:38','oidc|Perman|S13797'),
	('juIibODRS64f2Wzc5czYB2','3kK55HZVg3H1uL7mYujhv5','toyopipon','2022-06-24 19:34:38','oidc|Perman|S13797','2022-06-24 19:34:38','oidc|Perman|S13797'),
	('juIibODRS64f2Wzc5czYB2','4Lfgv19RGuIGMZkuP0yOG6','kesiki1216','2022-06-24 19:34:38','oidc|Perman|S13797','2022-06-24 19:34:38','oidc|Perman|S13797'),
	('juIibODRS64f2Wzc5czYB2','4Ohl38wvJ9Y4siias8ztj4','thinnerthinner','2022-06-24 19:34:38','oidc|Perman|S13797','2022-06-24 19:34:38','oidc|Perman|S13797'),
	('juIibODRS64f2Wzc5czYB2','5qGokupN2Uy7r7NO6VRXc5','chocolat-felicite','2022-06-24 19:34:38','oidc|Perman|S13797','2022-06-24 19:34:38','oidc|Perman|S13797'),
	('juIibODRS64f2Wzc5czYB2','6RiE7MhZqAaCzqKBCtpSU5','uknowpeach','2022-06-24 19:34:38','oidc|Perman|S13797','2022-06-24 19:34:38','oidc|Perman|S13797'),
	('juIibODRS64f2Wzc5czYB2','7T5Z8PhyDZkpvrFr5uDbT4','hiromin-yuki','2022-06-24 19:34:38','oidc|Perman|S13797','2022-06-24 19:34:38','oidc|Perman|S13797'),
	('juIibODRS64f2Wzc5czYB2','8DwZ7nW8CSI2RFslIhKHb3','brown-black-xoxo','2022-06-24 19:34:38','oidc|Perman|S13797','2022-06-24 19:34:38','oidc|Perman|S13797'),
	('juIibODRS64f2Wzc5czYB2','8KZ8cSoPWkENEb3WTk2Tyc','mmdisneymm','2022-06-24 19:34:38','oidc|Perman|S13797','2022-06-24 19:34:38','oidc|Perman|S13797'),
	('juIibODRS64f2Wzc5czYB2','8P3sOyW2hZKCzMVLgYGzTf','paasutukurimasu','2022-06-24 19:34:38','oidc|Perman|S13797','2022-06-24 19:34:38','oidc|Perman|S13797'),
	('juIibODRS64f2Wzc5czYB2','9VYJuERxn6U1eqE80sCO85','rinmam','2022-06-24 19:34:38','oidc|Perman|S13797','2022-06-24 19:34:38','oidc|Perman|S13797'),
	('juIibODRS64f2Wzc5czYB2','Al7sM7aoqboGs1aFxYsug2','ourbabydiary','2022-06-24 19:34:38','oidc|Perman|S13797','2022-06-24 19:34:38','oidc|Perman|S13797'),
	('juIibODRS64f2Wzc5czYB2','AX9tRkWq3p7vrnTrHOZZH3','echaochao','2022-06-24 19:34:38','oidc|Perman|S13797','2022-06-24 19:34:38','oidc|Perman|S13797'),
	('juIibODRS64f2Wzc5czYB2','boW7upE0XuC47FMItyTxe1','1919wonderland','2022-06-24 19:34:38','oidc|Perman|S13797','2022-06-24 19:34:38','oidc|Perman|S13797'),
	('juIibODRS64f2Wzc5czYB2','D8TfSMODmQNm0KLsSBAL21','hana-nya-7','2022-06-24 19:34:38','oidc|Perman|S13797','2022-06-24 19:34:38','oidc|Perman|S13797'),
	('juIibODRS64f2Wzc5czYB2','e1peKdIwZRzhkRkWA3Tfb5','miyaho23','2022-06-24 19:34:38','oidc|Perman|S13797','2022-06-24 19:34:38','oidc|Perman|S13797'),
	('juIibODRS64f2Wzc5czYB2','E6MDbFdPDDksE1YxT23gU6','monaka6868','2022-06-24 19:34:38','oidc|Perman|S13797','2022-06-24 19:34:38','oidc|Perman|S13797'),
	('juIibODRS64f2Wzc5czYB2','E7yGX243opWL1iXYHA81KA','chiachi10jyu','2022-06-24 19:34:38','oidc|Perman|S13797','2022-06-24 19:34:38','oidc|Perman|S13797'),
	('juIibODRS64f2Wzc5czYB2','eCapF6Fos8WUgJmev4MAMc','kurochan20030113','2022-06-24 19:34:38','oidc|Perman|S13797','2022-06-24 19:34:38','oidc|Perman|S13797'),
	('juIibODRS64f2Wzc5czYB2','eFPu8lhmux9glGrPOaevV2','jphotostyling','2022-06-24 19:34:38','oidc|Perman|S13797','2022-06-24 19:34:38','oidc|Perman|S13797'),
	('juIibODRS64f2Wzc5czYB2','EXENduJTcej9yVYKT637J5','okanaru828','2022-06-24 19:34:38','oidc|Perman|S13797','2022-06-24 19:34:38','oidc|Perman|S13797'),
	('juIibODRS64f2Wzc5czYB2','f308fMOp4n30WXBo7iYZdD','3352048','2022-06-24 19:34:38','oidc|Perman|S13797','2022-06-24 19:34:38','oidc|Perman|S13797'),
	('juIibODRS64f2Wzc5czYB2','FhaE0SoFY4ms0O9GwDy5z6','momonodo','2022-06-24 19:34:38','oidc|Perman|S13797','2022-06-24 19:34:38','oidc|Perman|S13797'),
	('juIibODRS64f2Wzc5czYB2','FICJnIx2cqOBYltZKQeYP2','ruu-blog','2022-06-24 19:34:38','oidc|Perman|S13797','2022-06-24 19:34:38','oidc|Perman|S13797'),
	('juIibODRS64f2Wzc5czYB2','G2YddZvvQpAArkdJkjnU04','peace40','2022-06-24 19:34:38','oidc|Perman|S13797','2022-06-24 19:34:38','oidc|Perman|S13797'),
	('juIibODRS64f2Wzc5czYB2','GbbuNgkknn6elR7mPrAlw6','naotoshio','2022-06-24 19:34:38','oidc|Perman|S13797','2022-06-24 19:34:38','oidc|Perman|S13797'),
	('juIibODRS64f2Wzc5czYB2','gNdgQ62JSwNhVxzR7Iome6','smk-blog','2022-06-24 19:34:38','oidc|Perman|S13797','2022-06-24 19:34:38','oidc|Perman|S13797'),
	('juIibODRS64f2Wzc5czYB2','gXPSEoA3Pq3KgvP2D459x3','reireireipyon','2022-06-24 19:34:38','oidc|Perman|S13797','2022-06-24 19:34:38','oidc|Perman|S13797'),
	('juIibODRS64f2Wzc5czYB2','h7HbH2kmY32SexA24c1PK6','tarako320','2022-06-24 19:34:38','oidc|Perman|S13797','2022-06-24 19:34:38','oidc|Perman|S13797'),
	('juIibODRS64f2Wzc5czYB2','hMWxMfMPXBK9P1wYWzcE5M','coco-eririko','2022-06-24 19:34:38','oidc|Perman|S13797','2022-06-24 19:34:38','oidc|Perman|S13797'),
	('juIibODRS64f2Wzc5czYB2','hP41pRhbdFkUimzyM4U7G4','mammy-boco','2022-06-24 19:34:38','oidc|Perman|S13797','2022-06-24 19:34:38','oidc|Perman|S13797'),
	('juIibODRS64f2Wzc5czYB2','hyAEHCtYwByi6kHb2xsDQ3','seikeidesiawaseni','2022-06-24 19:34:38','oidc|Perman|S13797','2022-06-24 19:34:38','oidc|Perman|S13797'),
	('juIibODRS64f2Wzc5czYB2','IhMKpaSSqsCaGMJLBVirf5','kurimama2013','2022-06-24 19:34:38','oidc|Perman|S13797','2022-06-24 19:34:38','oidc|Perman|S13797'),
	('juIibODRS64f2Wzc5czYB2','Ijp7tmU1FyuUIEdAOqwex4','heyomeme','2022-06-24 19:34:38','oidc|Perman|S13797','2022-06-24 19:34:38','oidc|Perman|S13797'),
	('juIibODRS64f2Wzc5czYB2','iR1cGsYbwuW1pCtJFExZC2','marivoo','2022-06-24 19:34:38','oidc|Perman|S13797','2022-06-24 19:34:38','oidc|Perman|S13797'),
	('juIibODRS64f2Wzc5czYB2','iSZ4A7MwWKEA12rDjaHPK6','yu-0303-ki','2022-06-24 19:34:38','oidc|Perman|S13797','2022-06-24 19:34:38','oidc|Perman|S13797'),
	('juIibODRS64f2Wzc5czYB2','J5N2s0vxPLVsszyEoo2C03','fuku-0809','2022-06-24 19:34:38','oidc|Perman|S13797','2022-06-24 19:34:38','oidc|Perman|S13797'),
	('juIibODRS64f2Wzc5czYB2','JBEWah6jm3AHhBHwnOXYI4','mamatomokowai','2022-06-24 19:34:38','oidc|Perman|S13797','2022-06-24 19:34:38','oidc|Perman|S13797'),
	('juIibODRS64f2Wzc5czYB2','jEFuoMpc5THQqSoBx08Nl3','yukitanoyonkoma','2022-06-24 19:34:38','oidc|Perman|S13797','2022-06-24 19:34:38','oidc|Perman|S13797'),
	('juIibODRS64f2Wzc5czYB2','JNzgd2xBGjYtxieL5h30P3','honeyhoneydip','2022-06-24 19:34:38','oidc|Perman|S13797','2022-06-24 19:34:38','oidc|Perman|S13797'),
	('juIibODRS64f2Wzc5czYB2','JSCV2T1mF04PQQ9PIMQgA4','kitapuri','2022-06-24 19:34:38','oidc|Perman|S13797','2022-06-24 19:34:38','oidc|Perman|S13797'),
	('juIibODRS64f2Wzc5czYB2','l4wS7dcVsGBCwZBJmoqWUo','erincolife','2022-06-24 19:34:38','oidc|Perman|S13797','2022-06-24 19:34:38','oidc|Perman|S13797'),
	('juIibODRS64f2Wzc5czYB2','LwimIlkNTiwZy9sDauFXZ6','beautifulskinwife','2022-06-24 19:34:38','oidc|Perman|S13797','2022-06-24 19:34:38','oidc|Perman|S13797'),
	('juIibODRS64f2Wzc5czYB2','mfaYc4uYTKK8oMldZpSG65','yukikoismart','2022-06-24 19:34:38','oidc|Perman|S13797','2022-06-24 19:34:38','oidc|Perman|S13797'),
	('juIibODRS64f2Wzc5czYB2','MnZ1nX630124hXGcSC0QU3','rico-s-blog','2022-06-24 19:34:38','oidc|Perman|S13797','2022-06-24 19:34:38','oidc|Perman|S13797'),
	('juIibODRS64f2Wzc5czYB2','O7byo2fa4aKnHtVtOJTZS6','kumizo610813','2022-06-24 19:34:38','oidc|Perman|S13797','2022-06-24 19:34:38','oidc|Perman|S13797'),
	('juIibODRS64f2Wzc5czYB2','P8gR9Exb0uUikOFgMOkpg1','61680318','2022-06-24 19:34:38','oidc|Perman|S13797','2022-06-24 19:34:38','oidc|Perman|S13797'),
	('juIibODRS64f2Wzc5czYB2','PAivcKjoQdtWpnSxSEZ7J7','werrose88','2022-06-24 19:34:38','oidc|Perman|S13797','2022-06-24 19:34:38','oidc|Perman|S13797'),
	('juIibODRS64f2Wzc5czYB2','PQv00OND6qGq7tPF4vAdS2','chunta-2011','2022-06-24 19:34:38','oidc|Perman|S13797','2022-06-24 19:34:38','oidc|Perman|S13797'),
	('juIibODRS64f2Wzc5czYB2','pRZsXMdGgx5WfGJiBXXwt4','yukihomelife','2022-06-24 19:34:38','oidc|Perman|S13797','2022-06-24 19:34:38','oidc|Perman|S13797'),
	('juIibODRS64f2Wzc5czYB2','PsNCWFY4Fdi865g5DcQAo7','dekkaiossan9','2022-06-24 19:34:38','oidc|Perman|S13797','2022-06-24 19:34:38','oidc|Perman|S13797'),
	('juIibODRS64f2Wzc5czYB2','QGzYAn9BARgrZMotD3cj07','aya21-0921','2022-06-24 19:34:38','oidc|Perman|S13797','2022-06-24 19:34:38','oidc|Perman|S13797'),
	('juIibODRS64f2Wzc5czYB2','QIWxbkGqJGaE4FhwNElfe4','france-lifestyle2','2022-06-24 19:34:38','oidc|Perman|S13797','2022-06-24 19:34:38','oidc|Perman|S13797'),
	('juIibODRS64f2Wzc5czYB2','qTluyf4Ofs1giso31H3SM4','xo-glitter-xo','2022-06-24 19:34:38','oidc|Perman|S13797','2022-06-24 19:34:38','oidc|Perman|S13797'),
	('juIibODRS64f2Wzc5czYB2','R34Fqca6aVGLifc5VL1fL6','mamaruru-marumaru','2022-06-24 19:34:38','oidc|Perman|S13797','2022-06-24 19:34:38','oidc|Perman|S13797'),
	('juIibODRS64f2Wzc5czYB2','t0gjWp3oypxNBc4VxS5Vm5','4enjoylife','2022-06-24 19:34:38','oidc|Perman|S13797','2022-06-24 19:34:38','oidc|Perman|S13797'),
	('juIibODRS64f2Wzc5czYB2','tMQ6gDdMrz0fHeplLkP2v4','apricotsin','2022-06-24 19:34:38','oidc|Perman|S13797','2022-06-24 19:34:38','oidc|Perman|S13797'),
	('juIibODRS64f2Wzc5czYB2','TsAeCFTNLoUDN6eZ6fxol4','waimanalobeach','2022-06-24 19:34:38','oidc|Perman|S13797','2022-06-24 19:34:38','oidc|Perman|S13797'),
	('juIibODRS64f2Wzc5czYB2','us4ydGgDd4PA4Y2Pud4Os3','tokyo-morning-biyori','2022-06-24 19:34:38','oidc|Perman|S13797','2022-06-24 19:34:38','oidc|Perman|S13797'),
	('juIibODRS64f2Wzc5czYB2','UZ7z0bwW5NJTWXe1Lqtma2','gyugira555','2022-06-24 19:34:38','oidc|Perman|S13797','2022-06-24 19:34:38','oidc|Perman|S13797'),
	('juIibODRS64f2Wzc5czYB2','uZj6jz6lWw6R0X4SD2meJ1','otta3','2022-06-24 19:34:38','oidc|Perman|S13797','2022-06-24 19:34:38','oidc|Perman|S13797'),
	('juIibODRS64f2Wzc5czYB2','vetVoz63DehyIPLcroMvx1','rosemarimekko','2022-06-24 19:34:38','oidc|Perman|S13797','2022-06-24 19:34:38','oidc|Perman|S13797'),
	('juIibODRS64f2Wzc5czYB2','VG4O7suO0OS8zR3l48uhg3','19791225mk','2022-06-24 19:34:38','oidc|Perman|S13797','2022-06-24 19:34:38','oidc|Perman|S13797'),
	('juIibODRS64f2Wzc5czYB2','VhVRrI7c82L1ZO6npHiDl4','chicchi-2020','2022-06-24 19:34:38','oidc|Perman|S13797','2022-06-24 19:34:38','oidc|Perman|S13797'),
	('juIibODRS64f2Wzc5czYB2','VL5tlit6lW33VddxM5tvn5','urashimajiro','2022-06-24 19:34:38','oidc|Perman|S13797','2022-06-24 19:34:38','oidc|Perman|S13797'),
	('juIibODRS64f2Wzc5czYB2','Vrg7j5hh6HXaeb302KAzS5','yumy-shanghai','2022-06-24 19:34:38','oidc|Perman|S13797','2022-06-24 19:34:38','oidc|Perman|S13797'),
	('juIibODRS64f2Wzc5czYB2','VxJ1Wz8OI0wI9sjTilpho4','neko--oyaji','2022-06-24 19:34:38','oidc|Perman|S13797','2022-06-24 19:34:38','oidc|Perman|S13797'),
	('juIibODRS64f2Wzc5czYB2','VZWpT1dm6DOMsI2HUAI1M4','sayuridayo88','2022-06-24 19:34:38','oidc|Perman|S13797','2022-06-24 19:34:38','oidc|Perman|S13797'),
	('juIibODRS64f2Wzc5czYB2','WcZTBAfWSFpx9t1CVJa2z5','z-mday','2022-06-24 19:34:38','oidc|Perman|S13797','2022-06-24 19:34:38','oidc|Perman|S13797'),
	('juIibODRS64f2Wzc5czYB2','WRTBC0joSPKIxUJhZJOUo4','arata201257','2022-06-24 19:34:38','oidc|Perman|S13797','2022-06-24 19:34:38','oidc|Perman|S13797'),
	('juIibODRS64f2Wzc5czYB2','XFNyILWFHS772A6aHcQEv2','leerue11','2022-06-24 19:34:38','oidc|Perman|S13797','2022-06-24 19:34:38','oidc|Perman|S13797'),
	('juIibODRS64f2Wzc5czYB2','xhsdpfM5iuj1igPzjxXmB7','papipapi12345','2022-06-24 19:34:38','oidc|Perman|S13797','2022-06-24 19:34:38','oidc|Perman|S13797'),
	('juIibODRS64f2Wzc5czYB2','ZAcATmDq9kseQaTmYNzvp4','01120725','2022-06-24 19:34:38','oidc|Perman|S13797','2022-06-24 19:34:38','oidc|Perman|S13797'),
	('juIibODRS64f2Wzc5czYB2','ZFpoNvdiPQNjQanokyyHx3','brille-brille','2022-06-24 19:34:38','oidc|Perman|S13797','2022-06-24 19:34:38','oidc|Perman|S13797'),
	('jXSr9nX9TSqUXLiv58qeG6','K8YDf2KDrDKgG2rGIWHoh5','yossi-family','2022-06-27 11:03:30','oidc|Perman|yoshida_tomohiro_gn','2022-06-27 11:03:30','oidc|Perman|yoshida_tomohiro_gn');

/*!40000 ALTER TABLE `request_target` ENABLE KEYS */;
UNLOCK TABLES;



/*!40111 SET SQL_NOTES=@OLD_SQL_NOTES */;
/*!40101 SET SQL_MODE=@OLD_SQL_MODE */;
/*!40014 SET FOREIGN_KEY_CHECKS=@OLD_FOREIGN_KEY_CHECKS */;
/*!40101 SET CHARACTER_SET_CLIENT=@OLD_CHARACTER_SET_CLIENT */;
/*!40101 SET CHARACTER_SET_RESULTS=@OLD_CHARACTER_SET_RESULTS */;
/*!40101 SET COLLATION_CONNECTION=@OLD_COLLATION_CONNECTION */;
